4.000000000000000222e-01 , 4.000000000000000222e-01 , 4.000000000000000222e-01 , 4.000000000000000222e-01 , 4.000000000000000222e-01 , 4.000000000000000222e-01 , 4.000000000000000222e-01 , 4.000000000000000222e-01 , 4.000000000000000222e-01 , 4.000000000000000222e-01 , 4.000000000000000222e-01 , 4.000000000000000222e-01 , 4.000000000000000222e-01 , 4.000000000000000222e-01 , 4.000000000000000222e-01 , 4.000000000000000222e-01 , 4.000000000000000222e-01 , 4.000000000000000222e-01 , 4.000000000000000222e-01 , 4.000000000000000222e-01 , 4.000000000000000222e-01 , 4.000000000000000222e-01 , 4.000000000000000222e-01 , 4.000000000000000222e-01 , 4.000000000000000222e-01 , 4.000000000000000222e-01 , 4.000000000000000222e-01 , 4.000000000000000222e-01 , 4.000000000000000222e-01 , 4.000000000000000222e-01 , 4.000000000000000222e-01 , 4.000000000000000222e-01 , 4.000000000000000222e-01 , 4.000000000000000222e-01 , 4.000000000000000222e-01 , 4.000000000000000222e-01 , 4.000000000000000222e-01 , 4.000000000000000222e-01 , 4.000000000000000222e-01 , 4.000000000000000222e-01
4.000000000000000222e-01 , 4.000000000000000222e-01 , 4.000000000000000222e-01 , 4.000000000000000222e-01 , 4.000000000000000222e-01 , 4.000000000000000222e-01 , 4.000000000000000222e-01 , 4.000000000000000222e-01 , 4.000000000000000222e-01 , 4.000000000000000222e-01 , 4.000000000000000222e-01 , 4.000000000000000222e-01 , 4.000000000000000222e-01 , 4.000000000000000222e-01 , 4.000000000000000222e-01 , 4.000000000000000222e-01 , 4.000000000000000222e-01 , 4.000000000000000222e-01 , 4.000000000000000222e-01 , 4.000000000000000222e-01 , 4.000000000000000222e-01 , 4.000000000000000222e-01 , 4.000000000000000222e-01 , 4.000000000000000222e-01 , 4.000000000000000222e-01 , 4.000000000000000222e-01 , 4.000000000000000222e-01 , 4.000000000000000222e-01 , 4.000000000000000222e-01 , 4.000000000000000222e-01 , 4.000000000000000222e-01 , 4.000000000000000222e-01 , 4.000000000000000222e-01 , 4.000000000000000222e-01 , 4.000000000000000222e-01 , 4.000000000000000222e-01 , 4.000000000000000222e-01 , 4.000000000000000222e-01 , 4.000000000000000222e-01 , 4.000000000000000222e-01
4.000000000000000222e-01 , 4.000000000000000222e-01 , 4.000000000000000222e-01 , 4.000000000000000222e-01 , 4.000000000000000222e-01 , 4.000000000000000222e-01 , 4.000000000000000222e-01 , 4.000000000000000222e-01 , 4.000000000000000222e-01 , 4.000000000000000222e-01 , 4.000000000000000222e-01 , 4.000000000000000222e-01 , 4.000000000000000222e-01 , 4.000000000000000222e-01 , 4.000000000000000222e-01 , 4.000000000000000222e-01 , 4.000000000000000222e-01 , 4.000000000000000222e-01 , 4.000000000000000222e-01 , 4.000000000000000222e-01 , 4.000000000000000222e-01 , 4.000000000000000222e-01 , 4.000000000000000222e-01 , 4.000000000000000222e-01 , 4.000000000000000222e-01 , 4.000000000000000222e-01 , 4.000000000000000222e-01 , 4.000000000000000222e-01 , 4.000000000000000222e-01 , 4.000000000000000222e-01 , 4.000000000000000222e-01 , 4.000000000000000222e-01 , 4.000000000000000222e-01 , 4.000000000000000222e-01 , 4.000000000000000222e-01 , 4.000000000000000222e-01 , 4.000000000000000222e-01 , 4.000000000000000222e-01 , 4.000000000000000222e-01 , 4.000000000000000222e-01
4.000000000000000222e-01 , 4.000000000000000222e-01 , 4.000000000000000222e-01 , 4.000000000000000222e-01 , 4.000000000000000222e-01 , 4.000000000000000222e-01 , 4.000000000000000222e-01 , 4.000000000000000222e-01 , 4.000000000000000222e-01 , 4.000000000000000222e-01 , 4.000000000000000222e-01 , 4.000000000000000222e-01 , 4.000000000000000222e-01 , 4.000000000000000222e-01 , 4.000000000000000222e-01 , 4.000000000000000222e-01 , 4.000000000000000222e-01 , 4.000000000000000222e-01 , 4.000000000000000222e-01 , 4.000000000000000222e-01 , 4.000000000000000222e-01 , 4.000000000000000222e-01 , 4.000000000000000222e-01 , 4.000000000000000222e-01 , 4.000000000000000222e-01 , 4.000000000000000222e-01 , 4.000000000000000222e-01 , 4.000000000000000222e-01 , 4.000000000000000222e-01 , 4.000000000000000222e-01 , 4.000000000000000222e-01 , 4.000000000000000222e-01 , 4.000000000000000222e-01 , 4.000000000000000222e-01 , 4.000000000000000222e-01 , 4.000000000000000222e-01 , 4.000000000000000222e-01 , 4.000000000000000222e-01 , 4.000000000000000222e-01 , 4.000000000000000222e-01
4.000000000000000222e-01 , 4.000000000000000222e-01 , 4.000000000000000222e-01 , 4.000000000000000222e-01 , 4.000000000000000222e-01 , 4.000000000000000222e-01 , 4.000000000000000222e-01 , 4.000000000000000222e-01 , 4.000000000000000222e-01 , 4.000000000000000222e-01 , 4.000000000000000222e-01 , 4.000000000000000222e-01 , 4.000000000000000222e-01 , 4.000000000000000222e-01 , 4.000000000000000222e-01 , 4.000000000000000222e-01 , 4.000000000000000222e-01 , 4.000000000000000222e-01 , 4.000000000000000222e-01 , 4.000000000000000222e-01 , 4.000000000000000222e-01 , 4.000000000000000222e-01 , 4.000000000000000222e-01 , 4.000000000000000222e-01 , 4.000000000000000222e-01 , 4.000000000000000222e-01 , 4.000000000000000222e-01 , 4.000000000000000222e-01 , 4.000000000000000222e-01 , 4.000000000000000222e-01 , 4.000000000000000222e-01 , 4.000000000000000222e-01 , 4.000000000000000222e-01 , 4.000000000000000222e-01 , 4.000000000000000222e-01 , 4.000000000000000222e-01 , 4.000000000000000222e-01 , 4.000000000000000222e-01 , 4.000000000000000222e-01 , 4.000000000000000222e-01
4.000000000000000222e-01 , 4.000000000000000222e-01 , 4.000000000000000222e-01 , 4.000000000000000222e-01 , 4.000000000000000222e-01 , 4.000000000000000222e-01 , 4.000000000000000222e-01 , 4.000000000000000222e-01 , 4.000000000000000222e-01 , 4.000000000000000222e-01 , 4.000000000000000222e-01 , 4.000000000000000222e-01 , 4.000000000000000222e-01 , 4.000000000000000222e-01 , 4.000000000000000222e-01 , 4.000000000000000222e-01 , 4.000000000000000222e-01 , 4.000000000000000222e-01 , 4.000000000000000222e-01 , 4.000000000000000222e-01 , 4.000000000000000222e-01 , 4.000000000000000222e-01 , 4.000000000000000222e-01 , 4.000000000000000222e-01 , 4.000000000000000222e-01 , 4.000000000000000222e-01 , 4.000000000000000222e-01 , 4.000000000000000222e-01 , 4.000000000000000222e-01 , 4.000000000000000222e-01 , 4.000000000000000222e-01 , 4.000000000000000222e-01 , 4.000000000000000222e-01 , 4.000000000000000222e-01 , 4.000000000000000222e-01 , 4.000000000000000222e-01 , 4.000000000000000222e-01 , 4.000000000000000222e-01 , 4.000000000000000222e-01 , 4.000000000000000222e-01
4.000000000000000222e-01 , 4.000000000000000222e-01 , 4.000000000000000222e-01 , 4.000000000000000222e-01 , 4.000000000000000222e-01 , 4.000000000000000222e-01 , 4.000000000000000222e-01 , 4.000000000000000222e-01 , 4.000000000000000222e-01 , 4.000000000000000222e-01 , 4.000000000000000222e-01 , 4.000000000000000222e-01 , 4.000000000000000222e-01 , 4.000000000000000222e-01 , 4.000000000000000222e-01 , 4.000000000000000222e-01 , 4.000000000000000222e-01 , 4.000000000000000222e-01 , 4.000000000000000222e-01 , 4.000000000000000222e-01 , 4.000000000000000222e-01 , 4.000000000000000222e-01 , 4.000000000000000222e-01 , 4.000000000000000222e-01 , 4.000000000000000222e-01 , 4.000000000000000222e-01 , 4.000000000000000222e-01 , 4.000000000000000222e-01 , 4.000000000000000222e-01 , 4.000000000000000222e-01 , 4.000000000000000222e-01 , 4.000000000000000222e-01 , 4.000000000000000222e-01 , 4.000000000000000222e-01 , 4.000000000000000222e-01 , 4.000000000000000222e-01 , 4.000000000000000222e-01 , 4.000000000000000222e-01 , 4.000000000000000222e-01 , 4.000000000000000222e-01
4.000000000000000222e-01 , 4.000000000000000222e-01 , 4.000000000000000222e-01 , 4.000000000000000222e-01 , 4.000000000000000222e-01 , 4.000000000000000222e-01 , 4.000000000000000222e-01 , 4.000000000000000222e-01 , 4.000000000000000222e-01 , 4.000000000000000222e-01 , 4.000000000000000222e-01 , 4.000000000000000222e-01 , 4.000000000000000222e-01 , 4.000000000000000222e-01 , 4.000000000000000222e-01 , 4.000000000000000222e-01 , 4.000000000000000222e-01 , 4.000000000000000222e-01 , 4.000000000000000222e-01 , 4.000000000000000222e-01 , 4.000000000000000222e-01 , 4.000000000000000222e-01 , 4.000000000000000222e-01 , 4.000000000000000222e-01 , 4.000000000000000222e-01 , 4.000000000000000222e-01 , 4.000000000000000222e-01 , 4.000000000000000222e-01 , 4.000000000000000222e-01 , 4.000000000000000222e-01 , 4.000000000000000222e-01 , 4.000000000000000222e-01 , 4.000000000000000222e-01 , 4.000000000000000222e-01 , 4.000000000000000222e-01 , 4.000000000000000222e-01 , 4.000000000000000222e-01 , 4.000000000000000222e-01 , 4.000000000000000222e-01 , 4.000000000000000222e-01
4.000000000000000222e-01 , 4.000000000000000222e-01 , 4.000000000000000222e-01 , 4.000000000000000222e-01 , 4.000000000000000222e-01 , 4.000000000000000222e-01 , 4.000000000000000222e-01 , 4.000000000000000222e-01 , 4.000000000000000222e-01 , 4.000000000000000222e-01 , 4.000000000000000222e-01 , 4.000000000000000222e-01 , 4.000000000000000222e-01 , 4.000000000000000222e-01 , 4.000000000000000222e-01 , 4.000000000000000222e-01 , 4.000000000000000222e-01 , 4.000000000000000222e-01 , 4.000000000000000222e-01 , 4.000000000000000222e-01 , 4.000000000000000222e-01 , 4.000000000000000222e-01 , 4.000000000000000222e-01 , 4.000000000000000222e-01 , 4.000000000000000222e-01 , 4.000000000000000222e-01 , 4.000000000000000222e-01 , 4.000000000000000222e-01 , 4.000000000000000222e-01 , 4.000000000000000222e-01 , 4.000000000000000222e-01 , 4.000000000000000222e-01 , 4.000000000000000222e-01 , 4.000000000000000222e-01 , 4.000000000000000222e-01 , 4.000000000000000222e-01 , 4.000000000000000222e-01 , 4.000000000000000222e-01 , 4.000000000000000222e-01 , 4.000000000000000222e-01
4.000000000000000222e-01 , 4.000000000000000222e-01 , 4.000000000000000222e-01 , 4.000000000000000222e-01 , 4.000000000000000222e-01 , 4.000000000000000222e-01 , 4.000000000000000222e-01 , 4.000000000000000222e-01 , 4.000000000000000222e-01 , 4.000000000000000222e-01 , 4.000000000000000222e-01 , 4.000000000000000222e-01 , 4.000000000000000222e-01 , 4.000000000000000222e-01 , 4.000000000000000222e-01 , 4.000000000000000222e-01 , 4.000000000000000222e-01 , 4.000000000000000222e-01 , 4.000000000000000222e-01 , 4.000000000000000222e-01 , 4.000000000000000222e-01 , 4.000000000000000222e-01 , 4.000000000000000222e-01 , 4.000000000000000222e-01 , 4.000000000000000222e-01 , 4.000000000000000222e-01 , 4.000000000000000222e-01 , 4.000000000000000222e-01 , 4.000000000000000222e-01 , 4.000000000000000222e-01 , 4.000000000000000222e-01 , 4.000000000000000222e-01 , 4.000000000000000222e-01 , 4.000000000000000222e-01 , 4.000000000000000222e-01 , 4.000000000000000222e-01 , 4.000000000000000222e-01 , 4.000000000000000222e-01 , 4.000000000000000222e-01 , 4.000000000000000222e-01
4.000000000000000222e-01 , 4.000000000000000222e-01 , 4.000000000000000222e-01 , 4.000000000000000222e-01 , 4.000000000000000222e-01 , 4.000000000000000222e-01 , 4.000000000000000222e-01 , 4.000000000000000222e-01 , 4.000000000000000222e-01 , 4.000000000000000222e-01 , 4.000000000000000222e-01 , 4.000000000000000222e-01 , 4.000000000000000222e-01 , 4.000000000000000222e-01 , 4.000000000000000222e-01 , 4.000000000000000222e-01 , 4.000000000000000222e-01 , 4.000000000000000222e-01 , 4.000000000000000222e-01 , 4.000000000000000222e-01 , 4.000000000000000222e-01 , 4.000000000000000222e-01 , 4.000000000000000222e-01 , 4.000000000000000222e-01 , 4.000000000000000222e-01 , 4.000000000000000222e-01 , 4.000000000000000222e-01 , 4.000000000000000222e-01 , 4.000000000000000222e-01 , 4.000000000000000222e-01 , 4.000000000000000222e-01 , 4.000000000000000222e-01 , 4.000000000000000222e-01 , 4.000000000000000222e-01 , 4.000000000000000222e-01 , 4.000000000000000222e-01 , 4.000000000000000222e-01 , 4.000000000000000222e-01 , 4.000000000000000222e-01 , 4.000000000000000222e-01
4.000000000000000222e-01 , 4.000000000000000222e-01 , 4.000000000000000222e-01 , 4.000000000000000222e-01 , 4.000000000000000222e-01 , 4.000000000000000222e-01 , 4.000000000000000222e-01 , 4.000000000000000222e-01 , 4.000000000000000222e-01 , 4.000000000000000222e-01 , 4.000000000000000222e-01 , 4.000000000000000222e-01 , 4.000000000000000222e-01 , 4.000000000000000222e-01 , 4.000000000000000222e-01 , 4.000000000000000222e-01 , 4.000000000000000222e-01 , 4.000000000000000222e-01 , 4.000000000000000222e-01 , 4.000000000000000222e-01 , 4.000000000000000222e-01 , 4.000000000000000222e-01 , 4.000000000000000222e-01 , 4.000000000000000222e-01 , 4.000000000000000222e-01 , 4.000000000000000222e-01 , 4.000000000000000222e-01 , 4.000000000000000222e-01 , 4.000000000000000222e-01 , 4.000000000000000222e-01 , 4.000000000000000222e-01 , 4.000000000000000222e-01 , 4.000000000000000222e-01 , 4.000000000000000222e-01 , 4.000000000000000222e-01 , 4.000000000000000222e-01 , 4.000000000000000222e-01 , 4.000000000000000222e-01 , 4.000000000000000222e-01 , 4.000000000000000222e-01
4.000000000000000222e-01 , 4.000000000000000222e-01 , 4.000000000000000222e-01 , 4.000000000000000222e-01 , 4.000000000000000222e-01 , 4.000000000000000222e-01 , 4.000000000000000222e-01 , 4.000000000000000222e-01 , 4.000000000000000222e-01 , 4.000000000000000222e-01 , 4.000000000000000222e-01 , 4.000000000000000222e-01 , 4.000000000000000222e-01 , 4.000000000000000222e-01 , 4.000000000000000222e-01 , 4.000000000000000222e-01 , 4.000000000000000222e-01 , 4.000000000000000222e-01 , 4.000000000000000222e-01 , 4.000000000000000222e-01 , 4.000000000000000222e-01 , 4.000000000000000222e-01 , 4.000000000000000222e-01 , 4.000000000000000222e-01 , 4.000000000000000222e-01 , 4.000000000000000222e-01 , 4.000000000000000222e-01 , 4.000000000000000222e-01 , 4.000000000000000222e-01 , 4.000000000000000222e-01 , 4.000000000000000222e-01 , 4.000000000000000222e-01 , 4.000000000000000222e-01 , 4.000000000000000222e-01 , 4.000000000000000222e-01 , 4.000000000000000222e-01 , 4.000000000000000222e-01 , 4.000000000000000222e-01 , 4.000000000000000222e-01 , 4.000000000000000222e-01
4.000000000000000222e-01 , 4.000000000000000222e-01 , 4.000000000000000222e-01 , 4.000000000000000222e-01 , 4.000000000000000222e-01 , 4.000000000000000222e-01 , 4.000000000000000222e-01 , 4.000000000000000222e-01 , 4.000000000000000222e-01 , 4.000000000000000222e-01 , 4.000000000000000222e-01 , 4.000000000000000222e-01 , 4.000000000000000222e-01 , 4.000000000000000222e-01 , 4.000000000000000222e-01 , 4.000000000000000222e-01 , 4.000000000000000222e-01 , 4.000000000000000222e-01 , 4.000000000000000222e-01 , 4.000000000000000222e-01 , 4.000000000000000222e-01 , 4.000000000000000222e-01 , 4.000000000000000222e-01 , 4.000000000000000222e-01 , 4.000000000000000222e-01 , 4.000000000000000222e-01 , 4.000000000000000222e-01 , 4.000000000000000222e-01 , 4.000000000000000222e-01 , 4.000000000000000222e-01 , 4.000000000000000222e-01 , 4.000000000000000222e-01 , 4.000000000000000222e-01 , 4.000000000000000222e-01 , 4.000000000000000222e-01 , 4.000000000000000222e-01 , 4.000000000000000222e-01 , 4.000000000000000222e-01 , 4.000000000000000222e-01 , 4.000000000000000222e-01
4.000000000000000222e-01 , 4.000000000000000222e-01 , 4.000000000000000222e-01 , 4.000000000000000222e-01 , 4.000000000000000222e-01 , 4.000000000000000222e-01 , 4.000000000000000222e-01 , 4.000000000000000222e-01 , 4.000000000000000222e-01 , 4.000000000000000222e-01 , 4.000000000000000222e-01 , 4.000000000000000222e-01 , 4.000000000000000222e-01 , 4.000000000000000222e-01 , 4.000000000000000222e-01 , 4.000000000000000222e-01 , 4.000000000000000222e-01 , 4.000000000000000222e-01 , 4.000000000000000222e-01 , 4.000000000000000222e-01 , 4.000000000000000222e-01 , 4.000000000000000222e-01 , 4.000000000000000222e-01 , 4.000000000000000222e-01 , 4.000000000000000222e-01 , 4.000000000000000222e-01 , 4.000000000000000222e-01 , 4.000000000000000222e-01 , 4.000000000000000222e-01 , 4.000000000000000222e-01 , 4.000000000000000222e-01 , 4.000000000000000222e-01 , 4.000000000000000222e-01 , 4.000000000000000222e-01 , 4.000000000000000222e-01 , 4.000000000000000222e-01 , 4.000000000000000222e-01 , 4.000000000000000222e-01 , 4.000000000000000222e-01 , 4.000000000000000222e-01
4.000000000000000222e-01 , 4.000000000000000222e-01 , 4.000000000000000222e-01 , 4.000000000000000222e-01 , 4.000000000000000222e-01 , 4.000000000000000222e-01 , 4.000000000000000222e-01 , 4.000000000000000222e-01 , 4.000000000000000222e-01 , 4.000000000000000222e-01 , 4.000000000000000222e-01 , 4.000000000000000222e-01 , 4.000000000000000222e-01 , 4.000000000000000222e-01 , 4.000000000000000222e-01 , 4.000000000000000222e-01 , 4.000000000000000222e-01 , 4.000000000000000222e-01 , 4.000000000000000222e-01 , 4.000000000000000222e-01 , 4.000000000000000222e-01 , 4.000000000000000222e-01 , 4.000000000000000222e-01 , 4.000000000000000222e-01 , 4.000000000000000222e-01 , 4.000000000000000222e-01 , 4.000000000000000222e-01 , 4.000000000000000222e-01 , 4.000000000000000222e-01 , 4.000000000000000222e-01 , 4.000000000000000222e-01 , 4.000000000000000222e-01 , 4.000000000000000222e-01 , 4.000000000000000222e-01 , 4.000000000000000222e-01 , 4.000000000000000222e-01 , 4.000000000000000222e-01 , 4.000000000000000222e-01 , 4.000000000000000222e-01 , 4.000000000000000222e-01
4.000000000000000222e-01 , 4.000000000000000222e-01 , 4.000000000000000222e-01 , 4.000000000000000222e-01 , 4.000000000000000222e-01 , 4.000000000000000222e-01 , 4.000000000000000222e-01 , 4.000000000000000222e-01 , 4.000000000000000222e-01 , 4.000000000000000222e-01 , 4.000000000000000222e-01 , 4.000000000000000222e-01 , 4.000000000000000222e-01 , 4.000000000000000222e-01 , 4.000000000000000222e-01 , 4.000000000000000222e-01 , 4.000000000000000222e-01 , 4.000000000000000222e-01 , 4.000000000000000222e-01 , 4.000000000000000222e-01 , 4.000000000000000222e-01 , 4.000000000000000222e-01 , 4.000000000000000222e-01 , 4.000000000000000222e-01 , 4.000000000000000222e-01 , 4.000000000000000222e-01 , 4.000000000000000222e-01 , 4.000000000000000222e-01 , 4.000000000000000222e-01 , 4.000000000000000222e-01 , 4.000000000000000222e-01 , 4.000000000000000222e-01 , 4.000000000000000222e-01 , 4.000000000000000222e-01 , 4.000000000000000222e-01 , 4.000000000000000222e-01 , 4.000000000000000222e-01 , 4.000000000000000222e-01 , 4.000000000000000222e-01 , 4.000000000000000222e-01
4.000000000000000222e-01 , 4.000000000000000222e-01 , 4.000000000000000222e-01 , 4.000000000000000222e-01 , 4.000000000000000222e-01 , 4.000000000000000222e-01 , 4.000000000000000222e-01 , 4.000000000000000222e-01 , 4.000000000000000222e-01 , 4.000000000000000222e-01 , 4.000000000000000222e-01 , 4.000000000000000222e-01 , 4.000000000000000222e-01 , 4.000000000000000222e-01 , 4.000000000000000222e-01 , 4.000000000000000222e-01 , 4.000000000000000222e-01 , 4.000000000000000222e-01 , 4.000000000000000222e-01 , 4.000000000000000222e-01 , 4.000000000000000222e-01 , 4.000000000000000222e-01 , 4.000000000000000222e-01 , 4.000000000000000222e-01 , 4.000000000000000222e-01 , 4.000000000000000222e-01 , 4.000000000000000222e-01 , 4.000000000000000222e-01 , 4.000000000000000222e-01 , 4.000000000000000222e-01 , 4.000000000000000222e-01 , 4.000000000000000222e-01 , 4.000000000000000222e-01 , 4.000000000000000222e-01 , 4.000000000000000222e-01 , 4.000000000000000222e-01 , 4.000000000000000222e-01 , 4.000000000000000222e-01 , 4.000000000000000222e-01 , 4.000000000000000222e-01
4.000000000000000222e-01 , 4.000000000000000222e-01 , 4.000000000000000222e-01 , 4.000000000000000222e-01 , 4.000000000000000222e-01 , 4.000000000000000222e-01 , 4.000000000000000222e-01 , 4.000000000000000222e-01 , 4.000000000000000222e-01 , 4.000000000000000222e-01 , 4.000000000000000222e-01 , 4.000000000000000222e-01 , 4.000000000000000222e-01 , 4.000000000000000222e-01 , 4.000000000000000222e-01 , 4.000000000000000222e-01 , 4.000000000000000222e-01 , 4.000000000000000222e-01 , 4.000000000000000222e-01 , 4.000000000000000222e-01 , 4.000000000000000222e-01 , 4.000000000000000222e-01 , 4.000000000000000222e-01 , 4.000000000000000222e-01 , 4.000000000000000222e-01 , 4.000000000000000222e-01 , 4.000000000000000222e-01 , 4.000000000000000222e-01 , 4.000000000000000222e-01 , 4.000000000000000222e-01 , 4.000000000000000222e-01 , 4.000000000000000222e-01 , 4.000000000000000222e-01 , 4.000000000000000222e-01 , 4.000000000000000222e-01 , 4.000000000000000222e-01 , 4.000000000000000222e-01 , 4.000000000000000222e-01 , 4.000000000000000222e-01 , 4.000000000000000222e-01
4.000000000000000222e-01 , 4.000000000000000222e-01 , 4.000000000000000222e-01 , 4.000000000000000222e-01 , 4.000000000000000222e-01 , 4.000000000000000222e-01 , 4.000000000000000222e-01 , 4.000000000000000222e-01 , 4.000000000000000222e-01 , 4.000000000000000222e-01 , 4.000000000000000222e-01 , 4.000000000000000222e-01 , 4.000000000000000222e-01 , 4.000000000000000222e-01 , 4.000000000000000222e-01 , 4.000000000000000222e-01 , 4.000000000000000222e-01 , 4.000000000000000222e-01 , 4.000000000000000222e-01 , 4.000000000000000222e-01 , 4.000000000000000222e-01 , 4.000000000000000222e-01 , 4.000000000000000222e-01 , 4.000000000000000222e-01 , 4.000000000000000222e-01 , 4.000000000000000222e-01 , 4.000000000000000222e-01 , 4.000000000000000222e-01 , 4.000000000000000222e-01 , 4.000000000000000222e-01 , 4.000000000000000222e-01 , 4.000000000000000222e-01 , 4.000000000000000222e-01 , 4.000000000000000222e-01 , 4.000000000000000222e-01 , 4.000000000000000222e-01 , 4.000000000000000222e-01 , 4.000000000000000222e-01 , 4.000000000000000222e-01 , 4.000000000000000222e-01
4.000000000000000222e-01 , 4.000000000000000222e-01 , 4.000000000000000222e-01 , 4.000000000000000222e-01 , 4.000000000000000222e-01 , 4.000000000000000222e-01 , 4.000000000000000222e-01 , 4.000000000000000222e-01 , 4.000000000000000222e-01 , 4.000000000000000222e-01 , 4.000000000000000222e-01 , 4.000000000000000222e-01 , 4.000000000000000222e-01 , 4.000000000000000222e-01 , 4.000000000000000222e-01 , 4.000000000000000222e-01 , 4.000000000000000222e-01 , 4.000000000000000222e-01 , 4.000000000000000222e-01 , 4.000000000000000222e-01 , 4.000000000000000222e-01 , 4.000000000000000222e-01 , 4.000000000000000222e-01 , 4.000000000000000222e-01 , 4.000000000000000222e-01 , 4.000000000000000222e-01 , 4.000000000000000222e-01 , 4.000000000000000222e-01 , 4.000000000000000222e-01 , 4.000000000000000222e-01 , 4.000000000000000222e-01 , 4.000000000000000222e-01 , 4.000000000000000222e-01 , 4.000000000000000222e-01 , 4.000000000000000222e-01 , 4.000000000000000222e-01 , 4.000000000000000222e-01 , 4.000000000000000222e-01 , 4.000000000000000222e-01 , 4.000000000000000222e-01
4.000000000000000222e-01 , 4.000000000000000222e-01 , 4.000000000000000222e-01 , 4.000000000000000222e-01 , 4.000000000000000222e-01 , 4.000000000000000222e-01 , 4.000000000000000222e-01 , 4.000000000000000222e-01 , 4.000000000000000222e-01 , 4.000000000000000222e-01 , 4.000000000000000222e-01 , 4.000000000000000222e-01 , 4.000000000000000222e-01 , 4.000000000000000222e-01 , 4.000000000000000222e-01 , 4.000000000000000222e-01 , 4.000000000000000222e-01 , 4.000000000000000222e-01 , 4.000000000000000222e-01 , 4.000000000000000222e-01 , 4.000000000000000222e-01 , 4.000000000000000222e-01 , 4.000000000000000222e-01 , 4.000000000000000222e-01 , 4.000000000000000222e-01 , 4.000000000000000222e-01 , 4.000000000000000222e-01 , 4.000000000000000222e-01 , 4.000000000000000222e-01 , 4.000000000000000222e-01 , 4.000000000000000222e-01 , 4.000000000000000222e-01 , 4.000000000000000222e-01 , 4.000000000000000222e-01 , 4.000000000000000222e-01 , 4.000000000000000222e-01 , 4.000000000000000222e-01 , 4.000000000000000222e-01 , 4.000000000000000222e-01 , 4.000000000000000222e-01
4.000000000000000222e-01 , 4.000000000000000222e-01 , 4.000000000000000222e-01 , 4.000000000000000222e-01 , 4.000000000000000222e-01 , 4.000000000000000222e-01 , 4.000000000000000222e-01 , 4.000000000000000222e-01 , 4.000000000000000222e-01 , 4.000000000000000222e-01 , 4.000000000000000222e-01 , 4.000000000000000222e-01 , 4.000000000000000222e-01 , 4.000000000000000222e-01 , 4.000000000000000222e-01 , 4.000000000000000222e-01 , 4.000000000000000222e-01 , 4.000000000000000222e-01 , 4.000000000000000222e-01 , 4.000000000000000222e-01 , 4.000000000000000222e-01 , 4.000000000000000222e-01 , 4.000000000000000222e-01 , 4.000000000000000222e-01 , 4.000000000000000222e-01 , 4.000000000000000222e-01 , 4.000000000000000222e-01 , 4.000000000000000222e-01 , 4.000000000000000222e-01 , 4.000000000000000222e-01 , 4.000000000000000222e-01 , 4.000000000000000222e-01 , 4.000000000000000222e-01 , 4.000000000000000222e-01 , 4.000000000000000222e-01 , 4.000000000000000222e-01 , 4.000000000000000222e-01 , 4.000000000000000222e-01 , 4.000000000000000222e-01 , 4.000000000000000222e-01
4.000000000000000222e-01 , 4.000000000000000222e-01 , 4.000000000000000222e-01 , 4.000000000000000222e-01 , 4.000000000000000222e-01 , 4.000000000000000222e-01 , 4.000000000000000222e-01 , 4.000000000000000222e-01 , 4.000000000000000222e-01 , 4.000000000000000222e-01 , 4.000000000000000222e-01 , 4.000000000000000222e-01 , 4.000000000000000222e-01 , 4.000000000000000222e-01 , 4.000000000000000222e-01 , 4.000000000000000222e-01 , 4.000000000000000222e-01 , 4.000000000000000222e-01 , 4.000000000000000222e-01 , 4.000000000000000222e-01 , 4.000000000000000222e-01 , 4.000000000000000222e-01 , 4.000000000000000222e-01 , 4.000000000000000222e-01 , 4.000000000000000222e-01 , 4.000000000000000222e-01 , 4.000000000000000222e-01 , 4.000000000000000222e-01 , 4.000000000000000222e-01 , 4.000000000000000222e-01 , 4.000000000000000222e-01 , 4.000000000000000222e-01 , 4.000000000000000222e-01 , 4.000000000000000222e-01 , 4.000000000000000222e-01 , 4.000000000000000222e-01 , 4.000000000000000222e-01 , 4.000000000000000222e-01 , 4.000000000000000222e-01 , 4.000000000000000222e-01
3.960928436588272428e-01 , 3.960928436588272428e-01 , 3.960928436588272428e-01 , 3.960928436588272428e-01 , 4.715362375680727247e-01 , 4.715362375680727247e-01 , 4.715362375680727247e-01 , 4.715362375680727247e-01 , 4.006144633984642933e-01 , 4.006144633984642933e-01 , 4.006144633984642933e-01 , 4.006144633984642933e-01 , 0.000000000000000000e+00 , 0.000000000000000000e+00 , 0.000000000000000000e+00 , 0.000000000000000000e+00 , 3.849680921286218194e-01 , 3.849680921286218194e-01 , 3.849680921286218194e-01 , 3.849680921286218194e-01 , 0.000000000000000000e+00 , 0.000000000000000000e+00 , 0.000000000000000000e+00 , 0.000000000000000000e+00 , 0.000000000000000000e+00 , 0.000000000000000000e+00 , 0.000000000000000000e+00 , 0.000000000000000000e+00 , 0.000000000000000000e+00 , 0.000000000000000000e+00 , 0.000000000000000000e+00 , 0.000000000000000000e+00 , 4.675557050185144004e-01 , 4.675557050185144004e-01 , 4.675557050185144004e-01 , 4.675557050185144004e-01 , 4.323188845383367784e-01 , 4.323188845383367784e-01 , 4.323188845383367784e-01 , 4.323188845383367784e-01
3.960928436588272428e-01 , 3.960928436588272428e-01 , 3.960928436588272428e-01 , 3.960928436588272428e-01 , 4.715362375680727247e-01 , 4.715362375680727247e-01 , 4.715362375680727247e-01 , 4.715362375680727247e-01 , 4.006144633984642933e-01 , 4.006144633984642933e-01 , 4.006144633984642933e-01 , 4.006144633984642933e-01 , 0.000000000000000000e+00 , 0.000000000000000000e+00 , 0.000000000000000000e+00 , 0.000000000000000000e+00 , 3.849680921286218194e-01 , 3.849680921286218194e-01 , 3.849680921286218194e-01 , 3.849680921286218194e-01 , 0.000000000000000000e+00 , 0.000000000000000000e+00 , 0.000000000000000000e+00 , 0.000000000000000000e+00 , 0.000000000000000000e+00 , 0.000000000000000000e+00 , 0.000000000000000000e+00 , 0.000000000000000000e+00 , 0.000000000000000000e+00 , 0.000000000000000000e+00 , 0.000000000000000000e+00 , 0.000000000000000000e+00 , 4.675557050185144004e-01 , 4.675557050185144004e-01 , 4.675557050185144004e-01 , 4.675557050185144004e-01 , 4.323188845383367784e-01 , 4.323188845383367784e-01 , 4.323188845383367784e-01 , 4.323188845383367784e-01
3.960928436588272428e-01 , 3.960928436588272428e-01 , 3.960928436588272428e-01 , 3.960928436588272428e-01 , 4.715362375680727247e-01 , 4.715362375680727247e-01 , 4.715362375680727247e-01 , 4.715362375680727247e-01 , 4.006144633984642933e-01 , 4.006144633984642933e-01 , 4.006144633984642933e-01 , 4.006144633984642933e-01 , 0.000000000000000000e+00 , 0.000000000000000000e+00 , 0.000000000000000000e+00 , 0.000000000000000000e+00 , 3.849680921286218194e-01 , 3.849680921286218194e-01 , 3.849680921286218194e-01 , 3.849680921286218194e-01 , 0.000000000000000000e+00 , 0.000000000000000000e+00 , 0.000000000000000000e+00 , 0.000000000000000000e+00 , 0.000000000000000000e+00 , 0.000000000000000000e+00 , 0.000000000000000000e+00 , 0.000000000000000000e+00 , 0.000000000000000000e+00 , 0.000000000000000000e+00 , 0.000000000000000000e+00 , 0.000000000000000000e+00 , 4.675557050185144004e-01 , 4.675557050185144004e-01 , 4.675557050185144004e-01 , 4.675557050185144004e-01 , 4.323188845383367784e-01 , 4.323188845383367784e-01 , 4.323188845383367784e-01 , 4.323188845383367784e-01
3.960928436588272428e-01 , 3.960928436588272428e-01 , 3.960928436588272428e-01 , 3.960928436588272428e-01 , 4.715362375680727247e-01 , 4.715362375680727247e-01 , 4.715362375680727247e-01 , 4.715362375680727247e-01 , 4.006144633984642933e-01 , 4.006144633984642933e-01 , 4.006144633984642933e-01 , 4.006144633984642933e-01 , 0.000000000000000000e+00 , 0.000000000000000000e+00 , 0.000000000000000000e+00 , 0.000000000000000000e+00 , 3.849680921286218194e-01 , 3.849680921286218194e-01 , 3.849680921286218194e-01 , 3.849680921286218194e-01 , 0.000000000000000000e+00 , 0.000000000000000000e+00 , 0.000000000000000000e+00 , 0.000000000000000000e+00 , 0.000000000000000000e+00 , 0.000000000000000000e+00 , 0.000000000000000000e+00 , 0.000000000000000000e+00 , 0.000000000000000000e+00 , 0.000000000000000000e+00 , 0.000000000000000000e+00 , 0.000000000000000000e+00 , 4.675557050185144004e-01 , 4.675557050185144004e-01 , 4.675557050185144004e-01 , 4.675557050185144004e-01 , 4.323188845383367784e-01 , 4.323188845383367784e-01 , 4.323188845383367784e-01 , 4.323188845383367784e-01
4.318640987828015754e-01 , 4.318640987828015754e-01 , 4.318640987828015754e-01 , 4.318640987828015754e-01 , 4.717362040730131434e-01 , 4.717362040730131434e-01 , 4.717362040730131434e-01 , 4.717362040730131434e-01 , 0.000000000000000000e+00 , 0.000000000000000000e+00 , 0.000000000000000000e+00 , 0.000000000000000000e+00 , 0.000000000000000000e+00 , 0.000000000000000000e+00 , 0.000000000000000000e+00 , 0.000000000000000000e+00 , 0.000000000000000000e+00 , 0.000000000000000000e+00 , 0.000000000000000000e+00 , 0.000000000000000000e+00 , 4.188081217451794513e-01 , 4.188081217451794513e-01 , 4.188081217451794513e-01 , 4.188081217451794513e-01 , 0.000000000000000000e+00 , 0.000000000000000000e+00 , 0.000000000000000000e+00 , 0.000000000000000000e+00 , 0.000000000000000000e+00 , 0.000000000000000000e+00 , 0.000000000000000000e+00 , 0.000000000000000000e+00 , 3.208475065674765148e-01 , 3.208475065674765148e-01 , 3.208475065674765148e-01 , 3.208475065674765148e-01 , 3.664365191733605087e-01 , 3.664365191733605087e-01 , 3.664365191733605087e-01 , 3.664365191733605087e-01
4.318640987828015754e-01 , 4.318640987828015754e-01 , 4.318640987828015754e-01 , 4.318640987828015754e-01 , 4.717362040730131434e-01 , 4.717362040730131434e-01 , 4.717362040730131434e-01 , 4.717362040730131434e-01 , 0.000000000000000000e+00 , 0.000000000000000000e+00 , 0.000000000000000000e+00 , 0.000000000000000000e+00 , 0.000000000000000000e+00 , 0.000000000000000000e+00 , 0.000000000000000000e+00 , 0.000000000000000000e+00 , 0.000000000000000000e+00 , 0.000000000000000000e+00 , 0.000000000000000000e+00 , 0.000000000000000000e+00 , 4.188081217451794513e-01 , 4.188081217451794513e-01 , 4.188081217451794513e-01 , 4.188081217451794513e-01 , 0.000000000000000000e+00 , 0.000000000000000000e+00 , 0.000000000000000000e+00 , 0.000000000000000000e+00 , 0.000000000000000000e+00 , 0.000000000000000000e+00 , 0.000000000000000000e+00 , 0.000000000000000000e+00 , 3.208475065674765148e-01 , 3.208475065674765148e-01 , 3.208475065674765148e-01 , 3.208475065674765148e-01 , 3.664365191733605087e-01 , 3.664365191733605087e-01 , 3.664365191733605087e-01 , 3.664365191733605087e-01
4.318640987828015754e-01 , 4.318640987828015754e-01 , 4.318640987828015754e-01 , 4.318640987828015754e-01 , 4.717362040730131434e-01 , 4.717362040730131434e-01 , 4.717362040730131434e-01 , 4.717362040730131434e-01 , 0.000000000000000000e+00 , 0.000000000000000000e+00 , 0.000000000000000000e+00 , 0.000000000000000000e+00 , 0.000000000000000000e+00 , 0.000000000000000000e+00 , 0.000000000000000000e+00 , 0.000000000000000000e+00 , 0.000000000000000000e+00 , 0.000000000000000000e+00 , 0.000000000000000000e+00 , 0.000000000000000000e+00 , 4.188081217451794513e-01 , 4.188081217451794513e-01 , 4.188081217451794513e-01 , 4.188081217451794513e-01 , 0.000000000000000000e+00 , 0.000000000000000000e+00 , 0.000000000000000000e+00 , 0.000000000000000000e+00 , 0.000000000000000000e+00 , 0.000000000000000000e+00 , 0.000000000000000000e+00 , 0.000000000000000000e+00 , 3.208475065674765148e-01 , 3.208475065674765148e-01 , 3.208475065674765148e-01 , 3.208475065674765148e-01 , 3.664365191733605087e-01 , 3.664365191733605087e-01 , 3.664365191733605087e-01 , 3.664365191733605087e-01
4.318640987828015754e-01 , 4.318640987828015754e-01 , 4.318640987828015754e-01 , 4.318640987828015754e-01 , 4.717362040730131434e-01 , 4.717362040730131434e-01 , 4.717362040730131434e-01 , 4.717362040730131434e-01 , 0.000000000000000000e+00 , 0.000000000000000000e+00 , 0.000000000000000000e+00 , 0.000000000000000000e+00 , 0.000000000000000000e+00 , 0.000000000000000000e+00 , 0.000000000000000000e+00 , 0.000000000000000000e+00 , 0.000000000000000000e+00 , 0.000000000000000000e+00 , 0.000000000000000000e+00 , 0.000000000000000000e+00 , 4.188081217451794513e-01 , 4.188081217451794513e-01 , 4.188081217451794513e-01 , 4.188081217451794513e-01 , 0.000000000000000000e+00 , 0.000000000000000000e+00 , 0.000000000000000000e+00 , 0.000000000000000000e+00 , 0.000000000000000000e+00 , 0.000000000000000000e+00 , 0.000000000000000000e+00 , 0.000000000000000000e+00 , 3.208475065674765148e-01 , 3.208475065674765148e-01 , 3.208475065674765148e-01 , 3.208475065674765148e-01 , 3.664365191733605087e-01 , 3.664365191733605087e-01 , 3.664365191733605087e-01 , 3.664365191733605087e-01
0.000000000000000000e+00 , 0.000000000000000000e+00 , 0.000000000000000000e+00 , 0.000000000000000000e+00 , 4.062153982282143416e-01 , 4.062153982282143416e-01 , 4.062153982282143416e-01 , 4.062153982282143416e-01 , 0.000000000000000000e+00 , 0.000000000000000000e+00 , 0.000000000000000000e+00 , 0.000000000000000000e+00 , 4.054600849923719053e-01 , 4.054600849923719053e-01 , 4.054600849923719053e-01 , 4.054600849923719053e-01 , 0.000000000000000000e+00 , 0.000000000000000000e+00 , 0.000000000000000000e+00 , 0.000000000000000000e+00 , 3.283348160045524433e-01 , 3.283348160045524433e-01 , 3.283348160045524433e-01 , 3.283348160045524433e-01 , 3.512985720369538600e-01 , 3.512985720369538600e-01 , 3.512985720369538600e-01 , 3.512985720369538600e-01 , 0.000000000000000000e+00 , 0.000000000000000000e+00 , 0.000000000000000000e+00 , 0.000000000000000000e+00 , 4.247884075919926006e-01 , 4.247884075919926006e-01 , 4.247884075919926006e-01 , 4.247884075919926006e-01 , 3.239801314299303736e-01 , 3.239801314299303736e-01 , 3.239801314299303736e-01 , 3.239801314299303736e-01
0.000000000000000000e+00 , 0.000000000000000000e+00 , 0.000000000000000000e+00 , 0.000000000000000000e+00 , 4.062153982282143416e-01 , 4.062153982282143416e-01 , 4.062153982282143416e-01 , 4.062153982282143416e-01 , 0.000000000000000000e+00 , 0.000000000000000000e+00 , 0.000000000000000000e+00 , 0.000000000000000000e+00 , 4.054600849923719053e-01 , 4.054600849923719053e-01 , 4.054600849923719053e-01 , 4.054600849923719053e-01 , 0.000000000000000000e+00 , 0.000000000000000000e+00 , 0.000000000000000000e+00 , 0.000000000000000000e+00 , 3.283348160045524433e-01 , 3.283348160045524433e-01 , 3.283348160045524433e-01 , 3.283348160045524433e-01 , 3.512985720369538600e-01 , 3.512985720369538600e-01 , 3.512985720369538600e-01 , 3.512985720369538600e-01 , 0.000000000000000000e+00 , 0.000000000000000000e+00 , 0.000000000000000000e+00 , 0.000000000000000000e+00 , 4.247884075919926006e-01 , 4.247884075919926006e-01 , 4.247884075919926006e-01 , 4.247884075919926006e-01 , 3.239801314299303736e-01 , 3.239801314299303736e-01 , 3.239801314299303736e-01 , 3.239801314299303736e-01
0.000000000000000000e+00 , 0.000000000000000000e+00 , 0.000000000000000000e+00 , 0.000000000000000000e+00 , 4.062153982282143416e-01 , 4.062153982282143416e-01 , 4.062153982282143416e-01 , 4.062153982282143416e-01 , 0.000000000000000000e+00 , 0.000000000000000000e+00 , 0.000000000000000000e+00 , 0.000000000000000000e+00 , 4.054600849923719053e-01 , 4.054600849923719053e-01 , 4.054600849923719053e-01 , 4.054600849923719053e-01 , 0.000000000000000000e+00 , 0.000000000000000000e+00 , 0.000000000000000000e+00 , 0.000000000000000000e+00 , 3.283348160045524433e-01 , 3.283348160045524433e-01 , 3.283348160045524433e-01 , 3.283348160045524433e-01 , 3.512985720369538600e-01 , 3.512985720369538600e-01 , 3.512985720369538600e-01 , 3.512985720369538600e-01 , 0.000000000000000000e+00 , 0.000000000000000000e+00 , 0.000000000000000000e+00 , 0.000000000000000000e+00 , 4.247884075919926006e-01 , 4.247884075919926006e-01 , 4.247884075919926006e-01 , 4.247884075919926006e-01 , 3.239801314299303736e-01 , 3.239801314299303736e-01 , 3.239801314299303736e-01 , 3.239801314299303736e-01
0.000000000000000000e+00 , 0.000000000000000000e+00 , 0.000000000000000000e+00 , 0.000000000000000000e+00 , 4.062153982282143416e-01 , 4.062153982282143416e-01 , 4.062153982282143416e-01 , 4.062153982282143416e-01 , 0.000000000000000000e+00 , 0.000000000000000000e+00 , 0.000000000000000000e+00 , 0.000000000000000000e+00 , 4.054600849923719053e-01 , 4.054600849923719053e-01 , 4.054600849923719053e-01 , 4.054600849923719053e-01 , 0.000000000000000000e+00 , 0.000000000000000000e+00 , 0.000000000000000000e+00 , 0.000000000000000000e+00 , 3.283348160045524433e-01 , 3.283348160045524433e-01 , 3.283348160045524433e-01 , 3.283348160045524433e-01 , 3.512985720369538600e-01 , 3.512985720369538600e-01 , 3.512985720369538600e-01 , 3.512985720369538600e-01 , 0.000000000000000000e+00 , 0.000000000000000000e+00 , 0.000000000000000000e+00 , 0.000000000000000000e+00 , 4.247884075919926006e-01 , 4.247884075919926006e-01 , 4.247884075919926006e-01 , 4.247884075919926006e-01 , 3.239801314299303736e-01 , 3.239801314299303736e-01 , 3.239801314299303736e-01 , 3.239801314299303736e-01
0.000000000000000000e+00 , 0.000000000000000000e+00 , 0.000000000000000000e+00 , 0.000000000000000000e+00 , 0.000000000000000000e+00 , 0.000000000000000000e+00 , 0.000000000000000000e+00 , 0.000000000000000000e+00 , 4.233062859792643406e-01 , 4.233062859792643406e-01 , 4.233062859792643406e-01 , 4.233062859792643406e-01 , 0.000000000000000000e+00 , 0.000000000000000000e+00 , 0.000000000000000000e+00 , 0.000000000000000000e+00 , 3.911583367021627677e-01 , 3.911583367021627677e-01 , 3.911583367021627677e-01 , 3.911583367021627677e-01 , 3.239547892634965232e-01 , 3.239547892634965232e-01 , 3.239547892634965232e-01 , 3.239547892634965232e-01 , 4.411027806284294472e-01 , 4.411027806284294472e-01 , 4.411027806284294472e-01 , 4.411027806284294472e-01 , 3.630111754951431680e-01 , 3.630111754951431680e-01 , 3.630111754951431680e-01 , 3.630111754951431680e-01 , 4.153582792478321406e-01 , 4.153582792478321406e-01 , 4.153582792478321406e-01 , 4.153582792478321406e-01 , 0.000000000000000000e+00 , 0.000000000000000000e+00 , 0.000000000000000000e+00 , 0.000000000000000000e+00
0.000000000000000000e+00 , 0.000000000000000000e+00 , 0.000000000000000000e+00 , 0.000000000000000000e+00 , 0.000000000000000000e+00 , 0.000000000000000000e+00 , 0.000000000000000000e+00 , 0.000000000000000000e+00 , 4.233062859792643406e-01 , 4.233062859792643406e-01 , 4.233062859792643406e-01 , 4.233062859792643406e-01 , 0.000000000000000000e+00 , 0.000000000000000000e+00 , 0.000000000000000000e+00 , 0.000000000000000000e+00 , 3.911583367021627677e-01 , 3.911583367021627677e-01 , 3.911583367021627677e-01 , 3.911583367021627677e-01 , 3.239547892634965232e-01 , 3.239547892634965232e-01 , 3.239547892634965232e-01 , 3.239547892634965232e-01 , 4.411027806284294472e-01 , 4.411027806284294472e-01 , 4.411027806284294472e-01 , 4.411027806284294472e-01 , 3.630111754951431680e-01 , 3.630111754951431680e-01 , 3.630111754951431680e-01 , 3.630111754951431680e-01 , 4.153582792478321406e-01 , 4.153582792478321406e-01 , 4.153582792478321406e-01 , 4.153582792478321406e-01 , 0.000000000000000000e+00 , 0.000000000000000000e+00 , 0.000000000000000000e+00 , 0.000000000000000000e+00
0.000000000000000000e+00 , 0.000000000000000000e+00 , 0.000000000000000000e+00 , 0.000000000000000000e+00 , 0.000000000000000000e+00 , 0.000000000000000000e+00 , 0.000000000000000000e+00 , 0.000000000000000000e+00 , 4.233062859792643406e-01 , 4.233062859792643406e-01 , 4.233062859792643406e-01 , 4.233062859792643406e-01 , 0.000000000000000000e+00 , 0.000000000000000000e+00 , 0.000000000000000000e+00 , 0.000000000000000000e+00 , 3.911583367021627677e-01 , 3.911583367021627677e-01 , 3.911583367021627677e-01 , 3.911583367021627677e-01 , 3.239547892634965232e-01 , 3.239547892634965232e-01 , 3.239547892634965232e-01 , 3.239547892634965232e-01 , 4.411027806284294472e-01 , 4.411027806284294472e-01 , 4.411027806284294472e-01 , 4.411027806284294472e-01 , 3.630111754951431680e-01 , 3.630111754951431680e-01 , 3.630111754951431680e-01 , 3.630111754951431680e-01 , 4.153582792478321406e-01 , 4.153582792478321406e-01 , 4.153582792478321406e-01 , 4.153582792478321406e-01 , 0.000000000000000000e+00 , 0.000000000000000000e+00 , 0.000000000000000000e+00 , 0.000000000000000000e+00
0.000000000000000000e+00 , 0.000000000000000000e+00 , 0.000000000000000000e+00 , 0.000000000000000000e+00 , 0.000000000000000000e+00 , 0.000000000000000000e+00 , 0.000000000000000000e+00 , 0.000000000000000000e+00 , 4.233062859792643406e-01 , 4.233062859792643406e-01 , 4.233062859792643406e-01 , 4.233062859792643406e-01 , 0.000000000000000000e+00 , 0.000000000000000000e+00 , 0.000000000000000000e+00 , 0.000000000000000000e+00 , 3.911583367021627677e-01 , 3.911583367021627677e-01 , 3.911583367021627677e-01 , 3.911583367021627677e-01 , 3.239547892634965232e-01 , 3.239547892634965232e-01 , 3.239547892634965232e-01 , 3.239547892634965232e-01 , 4.411027806284294472e-01 , 4.411027806284294472e-01 , 4.411027806284294472e-01 , 4.411027806284294472e-01 , 3.630111754951431680e-01 , 3.630111754951431680e-01 , 3.630111754951431680e-01 , 3.630111754951431680e-01 , 4.153582792478321406e-01 , 4.153582792478321406e-01 , 4.153582792478321406e-01 , 4.153582792478321406e-01 , 0.000000000000000000e+00 , 0.000000000000000000e+00 , 0.000000000000000000e+00 , 0.000000000000000000e+00
0.000000000000000000e+00 , 0.000000000000000000e+00 , 0.000000000000000000e+00 , 0.000000000000000000e+00 , 3.790340341726602946e-01 , 3.790340341726602946e-01 , 3.790340341726602946e-01 , 3.790340341726602946e-01 , 0.000000000000000000e+00 , 0.000000000000000000e+00 , 0.000000000000000000e+00 , 0.000000000000000000e+00 , 0.000000000000000000e+00 , 0.000000000000000000e+00 , 0.000000000000000000e+00 , 0.000000000000000000e+00 , 0.000000000000000000e+00 , 0.000000000000000000e+00 , 0.000000000000000000e+00 , 0.000000000000000000e+00 , 0.000000000000000000e+00 , 0.000000000000000000e+00 , 0.000000000000000000e+00 , 0.000000000000000000e+00 , 4.145298451143588636e-01 , 4.145298451143588636e-01 , 4.145298451143588636e-01 , 4.145298451143588636e-01 , 0.000000000000000000e+00 , 0.000000000000000000e+00 , 0.000000000000000000e+00 , 0.000000000000000000e+00 , 0.000000000000000000e+00 , 0.000000000000000000e+00 , 0.000000000000000000e+00 , 0.000000000000000000e+00 , 0.000000000000000000e+00 , 0.000000000000000000e+00 , 0.000000000000000000e+00 , 0.000000000000000000e+00
0.000000000000000000e+00 , 0.000000000000000000e+00 , 0.000000000000000000e+00 , 0.000000000000000000e+00 , 3.790340341726602946e-01 , 3.790340341726602946e-01 , 3.790340341726602946e-01 , 3.790340341726602946e-01 , 0.000000000000000000e+00 , 0.000000000000000000e+00 , 0.000000000000000000e+00 , 0.000000000000000000e+00 , 0.000000000000000000e+00 , 0.000000000000000000e+00 , 0.000000000000000000e+00 , 0.000000000000000000e+00 , 0.000000000000000000e+00 , 0.000000000000000000e+00 , 0.000000000000000000e+00 , 0.000000000000000000e+00 , 0.000000000000000000e+00 , 0.000000000000000000e+00 , 0.000000000000000000e+00 , 0.000000000000000000e+00 , 4.145298451143588636e-01 , 4.145298451143588636e-01 , 4.145298451143588636e-01 , 4.145298451143588636e-01 , 0.000000000000000000e+00 , 0.000000000000000000e+00 , 0.000000000000000000e+00 , 0.000000000000000000e+00 , 0.000000000000000000e+00 , 0.000000000000000000e+00 , 0.000000000000000000e+00 , 0.000000000000000000e+00 , 0.000000000000000000e+00 , 0.000000000000000000e+00 , 0.000000000000000000e+00 , 0.000000000000000000e+00
0.000000000000000000e+00 , 0.000000000000000000e+00 , 0.000000000000000000e+00 , 0.000000000000000000e+00 , 3.790340341726602946e-01 , 3.790340341726602946e-01 , 3.790340341726602946e-01 , 3.790340341726602946e-01 , 0.000000000000000000e+00 , 0.000000000000000000e+00 , 0.000000000000000000e+00 , 0.000000000000000000e+00 , 0.000000000000000000e+00 , 0.000000000000000000e+00 , 0.000000000000000000e+00 , 0.000000000000000000e+00 , 0.000000000000000000e+00 , 0.000000000000000000e+00 , 0.000000000000000000e+00 , 0.000000000000000000e+00 , 0.000000000000000000e+00 , 0.000000000000000000e+00 , 0.000000000000000000e+00 , 0.000000000000000000e+00 , 4.145298451143588636e-01 , 4.145298451143588636e-01 , 4.145298451143588636e-01 , 4.145298451143588636e-01 , 0.000000000000000000e+00 , 0.000000000000000000e+00 , 0.000000000000000000e+00 , 0.000000000000000000e+00 , 0.000000000000000000e+00 , 0.000000000000000000e+00 , 0.000000000000000000e+00 , 0.000000000000000000e+00 , 0.000000000000000000e+00 , 0.000000000000000000e+00 , 0.000000000000000000e+00 , 0.000000000000000000e+00
0.000000000000000000e+00 , 0.000000000000000000e+00 , 0.000000000000000000e+00 , 0.000000000000000000e+00 , 3.790340341726602946e-01 , 3.790340341726602946e-01 , 3.790340341726602946e-01 , 3.790340341726602946e-01 , 0.000000000000000000e+00 , 0.000000000000000000e+00 , 0.000000000000000000e+00 , 0.000000000000000000e+00 , 0.000000000000000000e+00 , 0.000000000000000000e+00 , 0.000000000000000000e+00 , 0.000000000000000000e+00 , 0.000000000000000000e+00 , 0.000000000000000000e+00 , 0.000000000000000000e+00 , 0.000000000000000000e+00 , 0.000000000000000000e+00 , 0.000000000000000000e+00 , 0.000000000000000000e+00 , 0.000000000000000000e+00 , 4.145298451143588636e-01 , 4.145298451143588636e-01 , 4.145298451143588636e-01 , 4.145298451143588636e-01 , 0.000000000000000000e+00 , 0.000000000000000000e+00 , 0.000000000000000000e+00 , 0.000000000000000000e+00 , 0.000000000000000000e+00 , 0.000000000000000000e+00 , 0.000000000000000000e+00 , 0.000000000000000000e+00 , 0.000000000000000000e+00 , 0.000000000000000000e+00 , 0.000000000000000000e+00 , 0.000000000000000000e+00
0.000000000000000000e+00 , 0.000000000000000000e+00 , 0.000000000000000000e+00 , 0.000000000000000000e+00 , 3.770786000415642381e-01 , 3.770786000415642381e-01 , 3.770786000415642381e-01 , 3.770786000415642381e-01 , 0.000000000000000000e+00 , 0.000000000000000000e+00 , 0.000000000000000000e+00 , 0.000000000000000000e+00 , 3.738838983933782112e-01 , 3.738838983933782112e-01 , 3.738838983933782112e-01 , 3.738838983933782112e-01 , 0.000000000000000000e+00 , 0.000000000000000000e+00 , 0.000000000000000000e+00 , 0.000000000000000000e+00 , 0.000000000000000000e+00 , 0.000000000000000000e+00 , 0.000000000000000000e+00 , 0.000000000000000000e+00 , 3.253334256017956783e-01 , 3.253334256017956783e-01 , 3.253334256017956783e-01 , 3.253334256017956783e-01 , 0.000000000000000000e+00 , 0.000000000000000000e+00 , 0.000000000000000000e+00 , 0.000000000000000000e+00 , 0.000000000000000000e+00 , 0.000000000000000000e+00 , 0.000000000000000000e+00 , 0.000000000000000000e+00 , 3.482341111303791648e-01 , 3.482341111303791648e-01 , 3.482341111303791648e-01 , 3.482341111303791648e-01
0.000000000000000000e+00 , 0.000000000000000000e+00 , 0.000000000000000000e+00 , 0.000000000000000000e+00 , 3.770786000415642381e-01 , 3.770786000415642381e-01 , 3.770786000415642381e-01 , 3.770786000415642381e-01 , 0.000000000000000000e+00 , 0.000000000000000000e+00 , 0.000000000000000000e+00 , 0.000000000000000000e+00 , 3.738838983933782112e-01 , 3.738838983933782112e-01 , 3.738838983933782112e-01 , 3.738838983933782112e-01 , 0.000000000000000000e+00 , 0.000000000000000000e+00 , 0.000000000000000000e+00 , 0.000000000000000000e+00 , 0.000000000000000000e+00 , 0.000000000000000000e+00 , 0.000000000000000000e+00 , 0.000000000000000000e+00 , 3.253334256017956783e-01 , 3.253334256017956783e-01 , 3.253334256017956783e-01 , 3.253334256017956783e-01 , 0.000000000000000000e+00 , 0.000000000000000000e+00 , 0.000000000000000000e+00 , 0.000000000000000000e+00 , 0.000000000000000000e+00 , 0.000000000000000000e+00 , 0.000000000000000000e+00 , 0.000000000000000000e+00 , 3.482341111303791648e-01 , 3.482341111303791648e-01 , 3.482341111303791648e-01 , 3.482341111303791648e-01
0.000000000000000000e+00 , 0.000000000000000000e+00 , 0.000000000000000000e+00 , 0.000000000000000000e+00 , 3.770786000415642381e-01 , 3.770786000415642381e-01 , 3.770786000415642381e-01 , 3.770786000415642381e-01 , 0.000000000000000000e+00 , 0.000000000000000000e+00 , 0.000000000000000000e+00 , 0.000000000000000000e+00 , 3.738838983933782112e-01 , 3.738838983933782112e-01 , 3.738838983933782112e-01 , 3.738838983933782112e-01 , 0.000000000000000000e+00 , 0.000000000000000000e+00 , 0.000000000000000000e+00 , 0.000000000000000000e+00 , 0.000000000000000000e+00 , 0.000000000000000000e+00 , 0.000000000000000000e+00 , 0.000000000000000000e+00 , 3.253334256017956783e-01 , 3.253334256017956783e-01 , 3.253334256017956783e-01 , 3.253334256017956783e-01 , 0.000000000000000000e+00 , 0.000000000000000000e+00 , 0.000000000000000000e+00 , 0.000000000000000000e+00 , 0.000000000000000000e+00 , 0.000000000000000000e+00 , 0.000000000000000000e+00 , 0.000000000000000000e+00 , 3.482341111303791648e-01 , 3.482341111303791648e-01 , 3.482341111303791648e-01 , 3.482341111303791648e-01
0.000000000000000000e+00 , 0.000000000000000000e+00 , 0.000000000000000000e+00 , 0.000000000000000000e+00 , 3.770786000415642381e-01 , 3.770786000415642381e-01 , 3.770786000415642381e-01 , 3.770786000415642381e-01 , 0.000000000000000000e+00 , 0.000000000000000000e+00 , 0.000000000000000000e+00 , 0.000000000000000000e+00 , 3.738838983933782112e-01 , 3.738838983933782112e-01 , 3.738838983933782112e-01 , 3.738838983933782112e-01 , 0.000000000000000000e+00 , 0.000000000000000000e+00 , 0.000000000000000000e+00 , 0.000000000000000000e+00 , 0.000000000000000000e+00 , 0.000000000000000000e+00 , 0.000000000000000000e+00 , 0.000000000000000000e+00 , 3.253334256017956783e-01 , 3.253334256017956783e-01 , 3.253334256017956783e-01 , 3.253334256017956783e-01 , 0.000000000000000000e+00 , 0.000000000000000000e+00 , 0.000000000000000000e+00 , 0.000000000000000000e+00 , 0.000000000000000000e+00 , 0.000000000000000000e+00 , 0.000000000000000000e+00 , 0.000000000000000000e+00 , 3.482341111303791648e-01 , 3.482341111303791648e-01 , 3.482341111303791648e-01 , 3.482341111303791648e-01
0.000000000000000000e+00 , 0.000000000000000000e+00 , 0.000000000000000000e+00 , 0.000000000000000000e+00 , 0.000000000000000000e+00 , 0.000000000000000000e+00 , 0.000000000000000000e+00 , 0.000000000000000000e+00 , 0.000000000000000000e+00 , 0.000000000000000000e+00 , 0.000000000000000000e+00 , 0.000000000000000000e+00 , 0.000000000000000000e+00 , 0.000000000000000000e+00 , 0.000000000000000000e+00 , 0.000000000000000000e+00 , 4.343064946695760487e-01 , 4.343064946695760487e-01 , 4.343064946695760487e-01 , 4.343064946695760487e-01 , 0.000000000000000000e+00 , 0.000000000000000000e+00 , 0.000000000000000000e+00 , 0.000000000000000000e+00 , 0.000000000000000000e+00 , 0.000000000000000000e+00 , 0.000000000000000000e+00 , 0.000000000000000000e+00 , 0.000000000000000000e+00 , 0.000000000000000000e+00 , 0.000000000000000000e+00 , 0.000000000000000000e+00 , 0.000000000000000000e+00 , 0.000000000000000000e+00 , 0.000000000000000000e+00 , 0.000000000000000000e+00 , 0.000000000000000000e+00 , 0.000000000000000000e+00 , 0.000000000000000000e+00 , 0.000000000000000000e+00
0.000000000000000000e+00 , 0.000000000000000000e+00 , 0.000000000000000000e+00 , 0.000000000000000000e+00 , 0.000000000000000000e+00 , 0.000000000000000000e+00 , 0.000000000000000000e+00 , 0.000000000000000000e+00 , 0.000000000000000000e+00 , 0.000000000000000000e+00 , 0.000000000000000000e+00 , 0.000000000000000000e+00 , 0.000000000000000000e+00 , 0.000000000000000000e+00 , 0.000000000000000000e+00 , 0.000000000000000000e+00 , 4.343064946695760487e-01 , 4.343064946695760487e-01 , 4.343064946695760487e-01 , 4.343064946695760487e-01 , 0.000000000000000000e+00 , 0.000000000000000000e+00 , 0.000000000000000000e+00 , 0.000000000000000000e+00 , 0.000000000000000000e+00 , 0.000000000000000000e+00 , 0.000000000000000000e+00 , 0.000000000000000000e+00 , 0.000000000000000000e+00 , 0.000000000000000000e+00 , 0.000000000000000000e+00 , 0.000000000000000000e+00 , 0.000000000000000000e+00 , 0.000000000000000000e+00 , 0.000000000000000000e+00 , 0.000000000000000000e+00 , 0.000000000000000000e+00 , 0.000000000000000000e+00 , 0.000000000000000000e+00 , 0.000000000000000000e+00
0.000000000000000000e+00 , 0.000000000000000000e+00 , 0.000000000000000000e+00 , 0.000000000000000000e+00 , 0.000000000000000000e+00 , 0.000000000000000000e+00 , 0.000000000000000000e+00 , 0.000000000000000000e+00 , 0.000000000000000000e+00 , 0.000000000000000000e+00 , 0.000000000000000000e+00 , 0.000000000000000000e+00 , 0.000000000000000000e+00 , 0.000000000000000000e+00 , 0.000000000000000000e+00 , 0.000000000000000000e+00 , 4.343064946695760487e-01 , 4.343064946695760487e-01 , 4.343064946695760487e-01 , 4.343064946695760487e-01 , 0.000000000000000000e+00 , 0.000000000000000000e+00 , 0.000000000000000000e+00 , 0.000000000000000000e+00 , 0.000000000000000000e+00 , 0.000000000000000000e+00 , 0.000000000000000000e+00 , 0.000000000000000000e+00 , 0.000000000000000000e+00 , 0.000000000000000000e+00 , 0.000000000000000000e+00 , 0.000000000000000000e+00 , 0.000000000000000000e+00 , 0.000000000000000000e+00 , 0.000000000000000000e+00 , 0.000000000000000000e+00 , 0.000000000000000000e+00 , 0.000000000000000000e+00 , 0.000000000000000000e+00 , 0.000000000000000000e+00
0.000000000000000000e+00 , 0.000000000000000000e+00 , 0.000000000000000000e+00 , 0.000000000000000000e+00 , 0.000000000000000000e+00 , 0.000000000000000000e+00 , 0.000000000000000000e+00 , 0.000000000000000000e+00 , 0.000000000000000000e+00 , 0.000000000000000000e+00 , 0.000000000000000000e+00 , 0.000000000000000000e+00 , 0.000000000000000000e+00 , 0.000000000000000000e+00 , 0.000000000000000000e+00 , 0.000000000000000000e+00 , 4.343064946695760487e-01 , 4.343064946695760487e-01 , 4.343064946695760487e-01 , 4.343064946695760487e-01 , 0.000000000000000000e+00 , 0.000000000000000000e+00 , 0.000000000000000000e+00 , 0.000000000000000000e+00 , 0.000000000000000000e+00 , 0.000000000000000000e+00 , 0.000000000000000000e+00 , 0.000000000000000000e+00 , 0.000000000000000000e+00 , 0.000000000000000000e+00 , 0.000000000000000000e+00 , 0.000000000000000000e+00 , 0.000000000000000000e+00 , 0.000000000000000000e+00 , 0.000000000000000000e+00 , 0.000000000000000000e+00 , 0.000000000000000000e+00 , 0.000000000000000000e+00 , 0.000000000000000000e+00 , 0.000000000000000000e+00
0.000000000000000000e+00 , 0.000000000000000000e+00 , 0.000000000000000000e+00 , 0.000000000000000000e+00 , 4.372367560889091065e-01 , 4.372367560889091065e-01 , 4.372367560889091065e-01 , 4.372367560889091065e-01 , 3.461678237547549108e-01 , 3.461678237547549108e-01 , 3.461678237547549108e-01 , 3.461678237547549108e-01 , 0.000000000000000000e+00 , 0.000000000000000000e+00 , 0.000000000000000000e+00 , 0.000000000000000000e+00 , 0.000000000000000000e+00 , 0.000000000000000000e+00 , 0.000000000000000000e+00 , 0.000000000000000000e+00 , 0.000000000000000000e+00 , 0.000000000000000000e+00 , 0.000000000000000000e+00 , 0.000000000000000000e+00 , 4.735111336767506285e-01 , 4.735111336767506285e-01 , 4.735111336767506285e-01 , 4.735111336767506285e-01 , 0.000000000000000000e+00 , 0.000000000000000000e+00 , 0.000000000000000000e+00 , 0.000000000000000000e+00 , 0.000000000000000000e+00 , 0.000000000000000000e+00 , 0.000000000000000000e+00 , 0.000000000000000000e+00 , 3.627754988145225346e-01 , 3.627754988145225346e-01 , 3.627754988145225346e-01 , 3.627754988145225346e-01
0.000000000000000000e+00 , 0.000000000000000000e+00 , 0.000000000000000000e+00 , 0.000000000000000000e+00 , 4.372367560889091065e-01 , 4.372367560889091065e-01 , 4.372367560889091065e-01 , 4.372367560889091065e-01 , 3.461678237547549108e-01 , 3.461678237547549108e-01 , 3.461678237547549108e-01 , 3.461678237547549108e-01 , 0.000000000000000000e+00 , 0.000000000000000000e+00 , 0.000000000000000000e+00 , 0.000000000000000000e+00 , 0.000000000000000000e+00 , 0.000000000000000000e+00 , 0.000000000000000000e+00 , 0.000000000000000000e+00 , 0.000000000000000000e+00 , 0.000000000000000000e+00 , 0.000000000000000000e+00 , 0.000000000000000000e+00 , 4.735111336767506285e-01 , 4.735111336767506285e-01 , 4.735111336767506285e-01 , 4.735111336767506285e-01 , 0.000000000000000000e+00 , 0.000000000000000000e+00 , 0.000000000000000000e+00 , 0.000000000000000000e+00 , 0.000000000000000000e+00 , 0.000000000000000000e+00 , 0.000000000000000000e+00 , 0.000000000000000000e+00 , 3.627754988145225346e-01 , 3.627754988145225346e-01 , 3.627754988145225346e-01 , 3.627754988145225346e-01
0.000000000000000000e+00 , 0.000000000000000000e+00 , 0.000000000000000000e+00 , 0.000000000000000000e+00 , 4.372367560889091065e-01 , 4.372367560889091065e-01 , 4.372367560889091065e-01 , 4.372367560889091065e-01 , 3.461678237547549108e-01 , 3.461678237547549108e-01 , 3.461678237547549108e-01 , 3.461678237547549108e-01 , 0.000000000000000000e+00 , 0.000000000000000000e+00 , 0.000000000000000000e+00 , 0.000000000000000000e+00 , 0.000000000000000000e+00 , 0.000000000000000000e+00 , 0.000000000000000000e+00 , 0.000000000000000000e+00 , 0.000000000000000000e+00 , 0.000000000000000000e+00 , 0.000000000000000000e+00 , 0.000000000000000000e+00 , 4.735111336767506285e-01 , 4.735111336767506285e-01 , 4.735111336767506285e-01 , 4.735111336767506285e-01 , 0.000000000000000000e+00 , 0.000000000000000000e+00 , 0.000000000000000000e+00 , 0.000000000000000000e+00 , 0.000000000000000000e+00 , 0.000000000000000000e+00 , 0.000000000000000000e+00 , 0.000000000000000000e+00 , 3.627754988145225346e-01 , 3.627754988145225346e-01 , 3.627754988145225346e-01 , 3.627754988145225346e-01
0.000000000000000000e+00 , 0.000000000000000000e+00 , 0.000000000000000000e+00 , 0.000000000000000000e+00 , 4.372367560889091065e-01 , 4.372367560889091065e-01 , 4.372367560889091065e-01 , 4.372367560889091065e-01 , 3.461678237547549108e-01 , 3.461678237547549108e-01 , 3.461678237547549108e-01 , 3.461678237547549108e-01 , 0.000000000000000000e+00 , 0.000000000000000000e+00 , 0.000000000000000000e+00 , 0.000000000000000000e+00 , 0.000000000000000000e+00 , 0.000000000000000000e+00 , 0.000000000000000000e+00 , 0.000000000000000000e+00 , 0.000000000000000000e+00 , 0.000000000000000000e+00 , 0.000000000000000000e+00 , 0.000000000000000000e+00 , 4.735111336767506285e-01 , 4.735111336767506285e-01 , 4.735111336767506285e-01 , 4.735111336767506285e-01 , 0.000000000000000000e+00 , 0.000000000000000000e+00 , 0.000000000000000000e+00 , 0.000000000000000000e+00 , 0.000000000000000000e+00 , 0.000000000000000000e+00 , 0.000000000000000000e+00 , 0.000000000000000000e+00 , 3.627754988145225346e-01 , 3.627754988145225346e-01 , 3.627754988145225346e-01 , 3.627754988145225346e-01
3.358787214506904206e-01 , 3.358787214506904206e-01 , 3.358787214506904206e-01 , 3.358787214506904206e-01 , 3.852059451539793233e-01 , 3.852059451539793233e-01 , 3.852059451539793233e-01 , 3.852059451539793233e-01 , 0.000000000000000000e+00 , 0.000000000000000000e+00 , 0.000000000000000000e+00 , 0.000000000000000000e+00 , 0.000000000000000000e+00 , 0.000000000000000000e+00 , 0.000000000000000000e+00 , 0.000000000000000000e+00 , 4.005748316928246511e-01 , 4.005748316928246511e-01 , 4.005748316928246511e-01 , 4.005748316928246511e-01 , 0.000000000000000000e+00 , 0.000000000000000000e+00 , 0.000000000000000000e+00 , 0.000000000000000000e+00 , 0.000000000000000000e+00 , 0.000000000000000000e+00 , 0.000000000000000000e+00 , 0.000000000000000000e+00 , 3.708393003099391128e-01 , 3.708393003099391128e-01 , 3.708393003099391128e-01 , 3.708393003099391128e-01 , 3.372416847746139146e-01 , 3.372416847746139146e-01 , 3.372416847746139146e-01 , 3.372416847746139146e-01 , 4.555546884189225487e-01 , 4.555546884189225487e-01 , 4.555546884189225487e-01 , 4.555546884189225487e-01
3.358787214506904206e-01 , 3.358787214506904206e-01 , 3.358787214506904206e-01 , 3.358787214506904206e-01 , 3.852059451539793233e-01 , 3.852059451539793233e-01 , 3.852059451539793233e-01 , 3.852059451539793233e-01 , 0.000000000000000000e+00 , 0.000000000000000000e+00 , 0.000000000000000000e+00 , 0.000000000000000000e+00 , 0.000000000000000000e+00 , 0.000000000000000000e+00 , 0.000000000000000000e+00 , 0.000000000000000000e+00 , 4.005748316928246511e-01 , 4.005748316928246511e-01 , 4.005748316928246511e-01 , 4.005748316928246511e-01 , 0.000000000000000000e+00 , 0.000000000000000000e+00 , 0.000000000000000000e+00 , 0.000000000000000000e+00 , 0.000000000000000000e+00 , 0.000000000000000000e+00 , 0.000000000000000000e+00 , 0.000000000000000000e+00 , 3.708393003099391128e-01 , 3.708393003099391128e-01 , 3.708393003099391128e-01 , 3.708393003099391128e-01 , 3.372416847746139146e-01 , 3.372416847746139146e-01 , 3.372416847746139146e-01 , 3.372416847746139146e-01 , 4.555546884189225487e-01 , 4.555546884189225487e-01 , 4.555546884189225487e-01 , 4.555546884189225487e-01
3.358787214506904206e-01 , 3.358787214506904206e-01 , 3.358787214506904206e-01 , 3.358787214506904206e-01 , 3.852059451539793233e-01 , 3.852059451539793233e-01 , 3.852059451539793233e-01 , 3.852059451539793233e-01 , 0.000000000000000000e+00 , 0.000000000000000000e+00 , 0.000000000000000000e+00 , 0.000000000000000000e+00 , 0.000000000000000000e+00 , 0.000000000000000000e+00 , 0.000000000000000000e+00 , 0.000000000000000000e+00 , 4.005748316928246511e-01 , 4.005748316928246511e-01 , 4.005748316928246511e-01 , 4.005748316928246511e-01 , 0.000000000000000000e+00 , 0.000000000000000000e+00 , 0.000000000000000000e+00 , 0.000000000000000000e+00 , 0.000000000000000000e+00 , 0.000000000000000000e+00 , 0.000000000000000000e+00 , 0.000000000000000000e+00 , 3.708393003099391128e-01 , 3.708393003099391128e-01 , 3.708393003099391128e-01 , 3.708393003099391128e-01 , 3.372416847746139146e-01 , 3.372416847746139146e-01 , 3.372416847746139146e-01 , 3.372416847746139146e-01 , 4.555546884189225487e-01 , 4.555546884189225487e-01 , 4.555546884189225487e-01 , 4.555546884189225487e-01
3.358787214506904206e-01 , 3.358787214506904206e-01 , 3.358787214506904206e-01 , 3.358787214506904206e-01 , 3.852059451539793233e-01 , 3.852059451539793233e-01 , 3.852059451539793233e-01 , 3.852059451539793233e-01 , 0.000000000000000000e+00 , 0.000000000000000000e+00 , 0.000000000000000000e+00 , 0.000000000000000000e+00 , 0.000000000000000000e+00 , 0.000000000000000000e+00 , 0.000000000000000000e+00 , 0.000000000000000000e+00 , 4.005748316928246511e-01 , 4.005748316928246511e-01 , 4.005748316928246511e-01 , 4.005748316928246511e-01 , 0.000000000000000000e+00 , 0.000000000000000000e+00 , 0.000000000000000000e+00 , 0.000000000000000000e+00 , 0.000000000000000000e+00 , 0.000000000000000000e+00 , 0.000000000000000000e+00 , 0.000000000000000000e+00 , 3.708393003099391128e-01 , 3.708393003099391128e-01 , 3.708393003099391128e-01 , 3.708393003099391128e-01 , 3.372416847746139146e-01 , 3.372416847746139146e-01 , 3.372416847746139146e-01 , 3.372416847746139146e-01 , 4.555546884189225487e-01 , 4.555546884189225487e-01 , 4.555546884189225487e-01 , 4.555546884189225487e-01
0.000000000000000000e+00 , 0.000000000000000000e+00 , 0.000000000000000000e+00 , 0.000000000000000000e+00 , 3.735910102314575765e-01 , 3.735910102314575765e-01 , 3.735910102314575765e-01 , 3.735910102314575765e-01 , 0.000000000000000000e+00 , 0.000000000000000000e+00 , 0.000000000000000000e+00 , 0.000000000000000000e+00 , 0.000000000000000000e+00 , 0.000000000000000000e+00 , 0.000000000000000000e+00 , 0.000000000000000000e+00 , 0.000000000000000000e+00 , 0.000000000000000000e+00 , 0.000000000000000000e+00 , 0.000000000000000000e+00 , 0.000000000000000000e+00 , 0.000000000000000000e+00 , 0.000000000000000000e+00 , 0.000000000000000000e+00 , 3.499740248963431055e-01 , 3.499740248963431055e-01 , 3.499740248963431055e-01 , 3.499740248963431055e-01 , 0.000000000000000000e+00 , 0.000000000000000000e+00 , 0.000000000000000000e+00 , 0.000000000000000000e+00 , 0.000000000000000000e+00 , 0.000000000000000000e+00 , 0.000000000000000000e+00 , 0.000000000000000000e+00 , 4.069207778406777609e-01 , 4.069207778406777609e-01 , 4.069207778406777609e-01 , 4.069207778406777609e-01
0.000000000000000000e+00 , 0.000000000000000000e+00 , 0.000000000000000000e+00 , 0.000000000000000000e+00 , 3.735910102314575765e-01 , 3.735910102314575765e-01 , 3.735910102314575765e-01 , 3.735910102314575765e-01 , 0.000000000000000000e+00 , 0.000000000000000000e+00 , 0.000000000000000000e+00 , 0.000000000000000000e+00 , 0.000000000000000000e+00 , 0.000000000000000000e+00 , 0.000000000000000000e+00 , 0.000000000000000000e+00 , 0.000000000000000000e+00 , 0.000000000000000000e+00 , 0.000000000000000000e+00 , 0.000000000000000000e+00 , 0.000000000000000000e+00 , 0.000000000000000000e+00 , 0.000000000000000000e+00 , 0.000000000000000000e+00 , 3.499740248963431055e-01 , 3.499740248963431055e-01 , 3.499740248963431055e-01 , 3.499740248963431055e-01 , 0.000000000000000000e+00 , 0.000000000000000000e+00 , 0.000000000000000000e+00 , 0.000000000000000000e+00 , 0.000000000000000000e+00 , 0.000000000000000000e+00 , 0.000000000000000000e+00 , 0.000000000000000000e+00 , 4.069207778406777609e-01 , 4.069207778406777609e-01 , 4.069207778406777609e-01 , 4.069207778406777609e-01
0.000000000000000000e+00 , 0.000000000000000000e+00 , 0.000000000000000000e+00 , 0.000000000000000000e+00 , 3.735910102314575765e-01 , 3.735910102314575765e-01 , 3.735910102314575765e-01 , 3.735910102314575765e-01 , 0.000000000000000000e+00 , 0.000000000000000000e+00 , 0.000000000000000000e+00 , 0.000000000000000000e+00 , 0.000000000000000000e+00 , 0.000000000000000000e+00 , 0.000000000000000000e+00 , 0.000000000000000000e+00 , 0.000000000000000000e+00 , 0.000000000000000000e+00 , 0.000000000000000000e+00 , 0.000000000000000000e+00 , 0.000000000000000000e+00 , 0.000000000000000000e+00 , 0.000000000000000000e+00 , 0.000000000000000000e+00 , 3.499740248963431055e-01 , 3.499740248963431055e-01 , 3.499740248963431055e-01 , 3.499740248963431055e-01 , 0.000000000000000000e+00 , 0.000000000000000000e+00 , 0.000000000000000000e+00 , 0.000000000000000000e+00 , 0.000000000000000000e+00 , 0.000000000000000000e+00 , 0.000000000000000000e+00 , 0.000000000000000000e+00 , 4.069207778406777609e-01 , 4.069207778406777609e-01 , 4.069207778406777609e-01 , 4.069207778406777609e-01
0.000000000000000000e+00 , 0.000000000000000000e+00 , 0.000000000000000000e+00 , 0.000000000000000000e+00 , 3.735910102314575765e-01 , 3.735910102314575765e-01 , 3.735910102314575765e-01 , 3.735910102314575765e-01 , 0.000000000000000000e+00 , 0.000000000000000000e+00 , 0.000000000000000000e+00 , 0.000000000000000000e+00 , 0.000000000000000000e+00 , 0.000000000000000000e+00 , 0.000000000000000000e+00 , 0.000000000000000000e+00 , 0.000000000000000000e+00 , 0.000000000000000000e+00 , 0.000000000000000000e+00 , 0.000000000000000000e+00 , 0.000000000000000000e+00 , 0.000000000000000000e+00 , 0.000000000000000000e+00 , 0.000000000000000000e+00 , 3.499740248963431055e-01 , 3.499740248963431055e-01 , 3.499740248963431055e-01 , 3.499740248963431055e-01 , 0.000000000000000000e+00 , 0.000000000000000000e+00 , 0.000000000000000000e+00 , 0.000000000000000000e+00 , 0.000000000000000000e+00 , 0.000000000000000000e+00 , 0.000000000000000000e+00 , 0.000000000000000000e+00 , 4.069207778406777609e-01 , 4.069207778406777609e-01 , 4.069207778406777609e-01 , 4.069207778406777609e-01
4.000000000000000222e-01 , 4.000000000000000222e-01 , 4.000000000000000222e-01 , 4.000000000000000222e-01 , 4.000000000000000222e-01 , 4.000000000000000222e-01 , 4.000000000000000222e-01 , 4.000000000000000222e-01 , 4.000000000000000222e-01 , 4.000000000000000222e-01 , 4.000000000000000222e-01 , 4.000000000000000222e-01 , 4.000000000000000222e-01 , 4.000000000000000222e-01 , 4.000000000000000222e-01 , 4.000000000000000222e-01 , 4.000000000000000222e-01 , 4.000000000000000222e-01 , 4.000000000000000222e-01 , 4.000000000000000222e-01 , 4.000000000000000222e-01 , 4.000000000000000222e-01 , 4.000000000000000222e-01 , 4.000000000000000222e-01 , 4.000000000000000222e-01 , 4.000000000000000222e-01 , 4.000000000000000222e-01 , 4.000000000000000222e-01 , 4.000000000000000222e-01 , 4.000000000000000222e-01 , 4.000000000000000222e-01 , 4.000000000000000222e-01 , 4.000000000000000222e-01 , 4.000000000000000222e-01 , 4.000000000000000222e-01 , 4.000000000000000222e-01 , 4.000000000000000222e-01 , 4.000000000000000222e-01 , 4.000000000000000222e-01 , 4.000000000000000222e-01
4.000000000000000222e-01 , 4.000000000000000222e-01 , 4.000000000000000222e-01 , 4.000000000000000222e-01 , 4.000000000000000222e-01 , 4.000000000000000222e-01 , 4.000000000000000222e-01 , 4.000000000000000222e-01 , 4.000000000000000222e-01 , 4.000000000000000222e-01 , 4.000000000000000222e-01 , 4.000000000000000222e-01 , 4.000000000000000222e-01 , 4.000000000000000222e-01 , 4.000000000000000222e-01 , 4.000000000000000222e-01 , 4.000000000000000222e-01 , 4.000000000000000222e-01 , 4.000000000000000222e-01 , 4.000000000000000222e-01 , 4.000000000000000222e-01 , 4.000000000000000222e-01 , 4.000000000000000222e-01 , 4.000000000000000222e-01 , 4.000000000000000222e-01 , 4.000000000000000222e-01 , 4.000000000000000222e-01 , 4.000000000000000222e-01 , 4.000000000000000222e-01 , 4.000000000000000222e-01 , 4.000000000000000222e-01 , 4.000000000000000222e-01 , 4.000000000000000222e-01 , 4.000000000000000222e-01 , 4.000000000000000222e-01 , 4.000000000000000222e-01 , 4.000000000000000222e-01 , 4.000000000000000222e-01 , 4.000000000000000222e-01 , 4.000000000000000222e-01
4.000000000000000222e-01 , 4.000000000000000222e-01 , 4.000000000000000222e-01 , 4.000000000000000222e-01 , 4.000000000000000222e-01 , 4.000000000000000222e-01 , 4.000000000000000222e-01 , 4.000000000000000222e-01 , 4.000000000000000222e-01 , 4.000000000000000222e-01 , 4.000000000000000222e-01 , 4.000000000000000222e-01 , 4.000000000000000222e-01 , 4.000000000000000222e-01 , 4.000000000000000222e-01 , 4.000000000000000222e-01 , 4.000000000000000222e-01 , 4.000000000000000222e-01 , 4.000000000000000222e-01 , 4.000000000000000222e-01 , 4.000000000000000222e-01 , 4.000000000000000222e-01 , 4.000000000000000222e-01 , 4.000000000000000222e-01 , 4.000000000000000222e-01 , 4.000000000000000222e-01 , 4.000000000000000222e-01 , 4.000000000000000222e-01 , 4.000000000000000222e-01 , 4.000000000000000222e-01 , 4.000000000000000222e-01 , 4.000000000000000222e-01 , 4.000000000000000222e-01 , 4.000000000000000222e-01 , 4.000000000000000222e-01 , 4.000000000000000222e-01 , 4.000000000000000222e-01 , 4.000000000000000222e-01 , 4.000000000000000222e-01 , 4.000000000000000222e-01
4.000000000000000222e-01 , 4.000000000000000222e-01 , 4.000000000000000222e-01 , 4.000000000000000222e-01 , 4.000000000000000222e-01 , 4.000000000000000222e-01 , 4.000000000000000222e-01 , 4.000000000000000222e-01 , 4.000000000000000222e-01 , 4.000000000000000222e-01 , 4.000000000000000222e-01 , 4.000000000000000222e-01 , 4.000000000000000222e-01 , 4.000000000000000222e-01 , 4.000000000000000222e-01 , 4.000000000000000222e-01 , 4.000000000000000222e-01 , 4.000000000000000222e-01 , 4.000000000000000222e-01 , 4.000000000000000222e-01 , 4.000000000000000222e-01 , 4.000000000000000222e-01 , 4.000000000000000222e-01 , 4.000000000000000222e-01 , 4.000000000000000222e-01 , 4.000000000000000222e-01 , 4.000000000000000222e-01 , 4.000000000000000222e-01 , 4.000000000000000222e-01 , 4.000000000000000222e-01 , 4.000000000000000222e-01 , 4.000000000000000222e-01 , 4.000000000000000222e-01 , 4.000000000000000222e-01 , 4.000000000000000222e-01 , 4.000000000000000222e-01 , 4.000000000000000222e-01 , 4.000000000000000222e-01 , 4.000000000000000222e-01 , 4.000000000000000222e-01
4.000000000000000222e-01 , 4.000000000000000222e-01 , 4.000000000000000222e-01 , 4.000000000000000222e-01 , 4.000000000000000222e-01 , 4.000000000000000222e-01 , 4.000000000000000222e-01 , 4.000000000000000222e-01 , 4.000000000000000222e-01 , 4.000000000000000222e-01 , 4.000000000000000222e-01 , 4.000000000000000222e-01 , 4.000000000000000222e-01 , 4.000000000000000222e-01 , 4.000000000000000222e-01 , 4.000000000000000222e-01 , 4.000000000000000222e-01 , 4.000000000000000222e-01 , 4.000000000000000222e-01 , 4.000000000000000222e-01 , 4.000000000000000222e-01 , 4.000000000000000222e-01 , 4.000000000000000222e-01 , 4.000000000000000222e-01 , 4.000000000000000222e-01 , 4.000000000000000222e-01 , 4.000000000000000222e-01 , 4.000000000000000222e-01 , 4.000000000000000222e-01 , 4.000000000000000222e-01 , 4.000000000000000222e-01 , 4.000000000000000222e-01 , 4.000000000000000222e-01 , 4.000000000000000222e-01 , 4.000000000000000222e-01 , 4.000000000000000222e-01 , 4.000000000000000222e-01 , 4.000000000000000222e-01 , 4.000000000000000222e-01 , 4.000000000000000222e-01
4.000000000000000222e-01 , 4.000000000000000222e-01 , 4.000000000000000222e-01 , 4.000000000000000222e-01 , 4.000000000000000222e-01 , 4.000000000000000222e-01 , 4.000000000000000222e-01 , 4.000000000000000222e-01 , 4.000000000000000222e-01 , 4.000000000000000222e-01 , 4.000000000000000222e-01 , 4.000000000000000222e-01 , 4.000000000000000222e-01 , 4.000000000000000222e-01 , 4.000000000000000222e-01 , 4.000000000000000222e-01 , 4.000000000000000222e-01 , 4.000000000000000222e-01 , 4.000000000000000222e-01 , 4.000000000000000222e-01 , 4.000000000000000222e-01 , 4.000000000000000222e-01 , 4.000000000000000222e-01 , 4.000000000000000222e-01 , 4.000000000000000222e-01 , 4.000000000000000222e-01 , 4.000000000000000222e-01 , 4.000000000000000222e-01 , 4.000000000000000222e-01 , 4.000000000000000222e-01 , 4.000000000000000222e-01 , 4.000000000000000222e-01 , 4.000000000000000222e-01 , 4.000000000000000222e-01 , 4.000000000000000222e-01 , 4.000000000000000222e-01 , 4.000000000000000222e-01 , 4.000000000000000222e-01 , 4.000000000000000222e-01 , 4.000000000000000222e-01
4.000000000000000222e-01 , 4.000000000000000222e-01 , 4.000000000000000222e-01 , 4.000000000000000222e-01 , 4.000000000000000222e-01 , 4.000000000000000222e-01 , 4.000000000000000222e-01 , 4.000000000000000222e-01 , 4.000000000000000222e-01 , 4.000000000000000222e-01 , 4.000000000000000222e-01 , 4.000000000000000222e-01 , 4.000000000000000222e-01 , 4.000000000000000222e-01 , 4.000000000000000222e-01 , 4.000000000000000222e-01 , 4.000000000000000222e-01 , 4.000000000000000222e-01 , 4.000000000000000222e-01 , 4.000000000000000222e-01 , 4.000000000000000222e-01 , 4.000000000000000222e-01 , 4.000000000000000222e-01 , 4.000000000000000222e-01 , 4.000000000000000222e-01 , 4.000000000000000222e-01 , 4.000000000000000222e-01 , 4.000000000000000222e-01 , 4.000000000000000222e-01 , 4.000000000000000222e-01 , 4.000000000000000222e-01 , 4.000000000000000222e-01 , 4.000000000000000222e-01 , 4.000000000000000222e-01 , 4.000000000000000222e-01 , 4.000000000000000222e-01 , 4.000000000000000222e-01 , 4.000000000000000222e-01 , 4.000000000000000222e-01 , 4.000000000000000222e-01
4.000000000000000222e-01 , 4.000000000000000222e-01 , 4.000000000000000222e-01 , 4.000000000000000222e-01 , 4.000000000000000222e-01 , 4.000000000000000222e-01 , 4.000000000000000222e-01 , 4.000000000000000222e-01 , 4.000000000000000222e-01 , 4.000000000000000222e-01 , 4.000000000000000222e-01 , 4.000000000000000222e-01 , 4.000000000000000222e-01 , 4.000000000000000222e-01 , 4.000000000000000222e-01 , 4.000000000000000222e-01 , 4.000000000000000222e-01 , 4.000000000000000222e-01 , 4.000000000000000222e-01 , 4.000000000000000222e-01 , 4.000000000000000222e-01 , 4.000000000000000222e-01 , 4.000000000000000222e-01 , 4.000000000000000222e-01 , 4.000000000000000222e-01 , 4.000000000000000222e-01 , 4.000000000000000222e-01 , 4.000000000000000222e-01 , 4.000000000000000222e-01 , 4.000000000000000222e-01 , 4.000000000000000222e-01 , 4.000000000000000222e-01 , 4.000000000000000222e-01 , 4.000000000000000222e-01 , 4.000000000000000222e-01 , 4.000000000000000222e-01 , 4.000000000000000222e-01 , 4.000000000000000222e-01 , 4.000000000000000222e-01 , 4.000000000000000222e-01
4.000000000000000222e-01 , 4.000000000000000222e-01 , 4.000000000000000222e-01 , 4.000000000000000222e-01 , 4.000000000000000222e-01 , 4.000000000000000222e-01 , 4.000000000000000222e-01 , 4.000000000000000222e-01 , 4.000000000000000222e-01 , 4.000000000000000222e-01 , 4.000000000000000222e-01 , 4.000000000000000222e-01 , 4.000000000000000222e-01 , 4.000000000000000222e-01 , 4.000000000000000222e-01 , 4.000000000000000222e-01 , 4.000000000000000222e-01 , 4.000000000000000222e-01 , 4.000000000000000222e-01 , 4.000000000000000222e-01 , 4.000000000000000222e-01 , 4.000000000000000222e-01 , 4.000000000000000222e-01 , 4.000000000000000222e-01 , 4.000000000000000222e-01 , 4.000000000000000222e-01 , 4.000000000000000222e-01 , 4.000000000000000222e-01 , 4.000000000000000222e-01 , 4.000000000000000222e-01 , 4.000000000000000222e-01 , 4.000000000000000222e-01 , 4.000000000000000222e-01 , 4.000000000000000222e-01 , 4.000000000000000222e-01 , 4.000000000000000222e-01 , 4.000000000000000222e-01 , 4.000000000000000222e-01 , 4.000000000000000222e-01 , 4.000000000000000222e-01
4.000000000000000222e-01 , 4.000000000000000222e-01 , 4.000000000000000222e-01 , 4.000000000000000222e-01 , 4.000000000000000222e-01 , 4.000000000000000222e-01 , 4.000000000000000222e-01 , 4.000000000000000222e-01 , 4.000000000000000222e-01 , 4.000000000000000222e-01 , 4.000000000000000222e-01 , 4.000000000000000222e-01 , 4.000000000000000222e-01 , 4.000000000000000222e-01 , 4.000000000000000222e-01 , 4.000000000000000222e-01 , 4.000000000000000222e-01 , 4.000000000000000222e-01 , 4.000000000000000222e-01 , 4.000000000000000222e-01 , 4.000000000000000222e-01 , 4.000000000000000222e-01 , 4.000000000000000222e-01 , 4.000000000000000222e-01 , 4.000000000000000222e-01 , 4.000000000000000222e-01 , 4.000000000000000222e-01 , 4.000000000000000222e-01 , 4.000000000000000222e-01 , 4.000000000000000222e-01 , 4.000000000000000222e-01 , 4.000000000000000222e-01 , 4.000000000000000222e-01 , 4.000000000000000222e-01 , 4.000000000000000222e-01 , 4.000000000000000222e-01 , 4.000000000000000222e-01 , 4.000000000000000222e-01 , 4.000000000000000222e-01 , 4.000000000000000222e-01
4.000000000000000222e-01 , 4.000000000000000222e-01 , 4.000000000000000222e-01 , 4.000000000000000222e-01 , 4.000000000000000222e-01 , 4.000000000000000222e-01 , 4.000000000000000222e-01 , 4.000000000000000222e-01 , 4.000000000000000222e-01 , 4.000000000000000222e-01 , 4.000000000000000222e-01 , 4.000000000000000222e-01 , 4.000000000000000222e-01 , 4.000000000000000222e-01 , 4.000000000000000222e-01 , 4.000000000000000222e-01 , 4.000000000000000222e-01 , 4.000000000000000222e-01 , 4.000000000000000222e-01 , 4.000000000000000222e-01 , 4.000000000000000222e-01 , 4.000000000000000222e-01 , 4.000000000000000222e-01 , 4.000000000000000222e-01 , 4.000000000000000222e-01 , 4.000000000000000222e-01 , 4.000000000000000222e-01 , 4.000000000000000222e-01 , 4.000000000000000222e-01 , 4.000000000000000222e-01 , 4.000000000000000222e-01 , 4.000000000000000222e-01 , 4.000000000000000222e-01 , 4.000000000000000222e-01 , 4.000000000000000222e-01 , 4.000000000000000222e-01 , 4.000000000000000222e-01 , 4.000000000000000222e-01 , 4.000000000000000222e-01 , 4.000000000000000222e-01
4.000000000000000222e-01 , 4.000000000000000222e-01 , 4.000000000000000222e-01 , 4.000000000000000222e-01 , 4.000000000000000222e-01 , 4.000000000000000222e-01 , 4.000000000000000222e-01 , 4.000000000000000222e-01 , 4.000000000000000222e-01 , 4.000000000000000222e-01 , 4.000000000000000222e-01 , 4.000000000000000222e-01 , 4.000000000000000222e-01 , 4.000000000000000222e-01 , 4.000000000000000222e-01 , 4.000000000000000222e-01 , 4.000000000000000222e-01 , 4.000000000000000222e-01 , 4.000000000000000222e-01 , 4.000000000000000222e-01 , 4.000000000000000222e-01 , 4.000000000000000222e-01 , 4.000000000000000222e-01 , 4.000000000000000222e-01 , 4.000000000000000222e-01 , 4.000000000000000222e-01 , 4.000000000000000222e-01 , 4.000000000000000222e-01 , 4.000000000000000222e-01 , 4.000000000000000222e-01 , 4.000000000000000222e-01 , 4.000000000000000222e-01 , 4.000000000000000222e-01 , 4.000000000000000222e-01 , 4.000000000000000222e-01 , 4.000000000000000222e-01 , 4.000000000000000222e-01 , 4.000000000000000222e-01 , 4.000000000000000222e-01 , 4.000000000000000222e-01
4.000000000000000222e-01 , 4.000000000000000222e-01 , 4.000000000000000222e-01 , 4.000000000000000222e-01 , 4.000000000000000222e-01 , 4.000000000000000222e-01 , 4.000000000000000222e-01 , 4.000000000000000222e-01 , 4.000000000000000222e-01 , 4.000000000000000222e-01 , 4.000000000000000222e-01 , 4.000000000000000222e-01 , 4.000000000000000222e-01 , 4.000000000000000222e-01 , 4.000000000000000222e-01 , 4.000000000000000222e-01 , 4.000000000000000222e-01 , 4.000000000000000222e-01 , 4.000000000000000222e-01 , 4.000000000000000222e-01 , 4.000000000000000222e-01 , 4.000000000000000222e-01 , 4.000000000000000222e-01 , 4.000000000000000222e-01 , 4.000000000000000222e-01 , 4.000000000000000222e-01 , 4.000000000000000222e-01 , 4.000000000000000222e-01 , 4.000000000000000222e-01 , 4.000000000000000222e-01 , 4.000000000000000222e-01 , 4.000000000000000222e-01 , 4.000000000000000222e-01 , 4.000000000000000222e-01 , 4.000000000000000222e-01 , 4.000000000000000222e-01 , 4.000000000000000222e-01 , 4.000000000000000222e-01 , 4.000000000000000222e-01 , 4.000000000000000222e-01
4.000000000000000222e-01 , 4.000000000000000222e-01 , 4.000000000000000222e-01 , 4.000000000000000222e-01 , 4.000000000000000222e-01 , 4.000000000000000222e-01 , 4.000000000000000222e-01 , 4.000000000000000222e-01 , 4.000000000000000222e-01 , 4.000000000000000222e-01 , 4.000000000000000222e-01 , 4.000000000000000222e-01 , 4.000000000000000222e-01 , 4.000000000000000222e-01 , 4.000000000000000222e-01 , 4.000000000000000222e-01 , 4.000000000000000222e-01 , 4.000000000000000222e-01 , 4.000000000000000222e-01 , 4.000000000000000222e-01 , 4.000000000000000222e-01 , 4.000000000000000222e-01 , 4.000000000000000222e-01 , 4.000000000000000222e-01 , 4.000000000000000222e-01 , 4.000000000000000222e-01 , 4.000000000000000222e-01 , 4.000000000000000222e-01 , 4.000000000000000222e-01 , 4.000000000000000222e-01 , 4.000000000000000222e-01 , 4.000000000000000222e-01 , 4.000000000000000222e-01 , 4.000000000000000222e-01 , 4.000000000000000222e-01 , 4.000000000000000222e-01 , 4.000000000000000222e-01 , 4.000000000000000222e-01 , 4.000000000000000222e-01 , 4.000000000000000222e-01
4.000000000000000222e-01 , 4.000000000000000222e-01 , 4.000000000000000222e-01 , 4.000000000000000222e-01 , 4.000000000000000222e-01 , 4.000000000000000222e-01 , 4.000000000000000222e-01 , 4.000000000000000222e-01 , 4.000000000000000222e-01 , 4.000000000000000222e-01 , 4.000000000000000222e-01 , 4.000000000000000222e-01 , 4.000000000000000222e-01 , 4.000000000000000222e-01 , 4.000000000000000222e-01 , 4.000000000000000222e-01 , 4.000000000000000222e-01 , 4.000000000000000222e-01 , 4.000000000000000222e-01 , 4.000000000000000222e-01 , 4.000000000000000222e-01 , 4.000000000000000222e-01 , 4.000000000000000222e-01 , 4.000000000000000222e-01 , 4.000000000000000222e-01 , 4.000000000000000222e-01 , 4.000000000000000222e-01 , 4.000000000000000222e-01 , 4.000000000000000222e-01 , 4.000000000000000222e-01 , 4.000000000000000222e-01 , 4.000000000000000222e-01 , 4.000000000000000222e-01 , 4.000000000000000222e-01 , 4.000000000000000222e-01 , 4.000000000000000222e-01 , 4.000000000000000222e-01 , 4.000000000000000222e-01 , 4.000000000000000222e-01 , 4.000000000000000222e-01
4.000000000000000222e-01 , 4.000000000000000222e-01 , 4.000000000000000222e-01 , 4.000000000000000222e-01 , 4.000000000000000222e-01 , 4.000000000000000222e-01 , 4.000000000000000222e-01 , 4.000000000000000222e-01 , 4.000000000000000222e-01 , 4.000000000000000222e-01 , 4.000000000000000222e-01 , 4.000000000000000222e-01 , 4.000000000000000222e-01 , 4.000000000000000222e-01 , 4.000000000000000222e-01 , 4.000000000000000222e-01 , 4.000000000000000222e-01 , 4.000000000000000222e-01 , 4.000000000000000222e-01 , 4.000000000000000222e-01 , 4.000000000000000222e-01 , 4.000000000000000222e-01 , 4.000000000000000222e-01 , 4.000000000000000222e-01 , 4.000000000000000222e-01 , 4.000000000000000222e-01 , 4.000000000000000222e-01 , 4.000000000000000222e-01 , 4.000000000000000222e-01 , 4.000000000000000222e-01 , 4.000000000000000222e-01 , 4.000000000000000222e-01 , 4.000000000000000222e-01 , 4.000000000000000222e-01 , 4.000000000000000222e-01 , 4.000000000000000222e-01 , 4.000000000000000222e-01 , 4.000000000000000222e-01 , 4.000000000000000222e-01 , 4.000000000000000222e-01
4.000000000000000222e-01 , 4.000000000000000222e-01 , 4.000000000000000222e-01 , 4.000000000000000222e-01 , 4.000000000000000222e-01 , 4.000000000000000222e-01 , 4.000000000000000222e-01 , 4.000000000000000222e-01 , 4.000000000000000222e-01 , 4.000000000000000222e-01 , 4.000000000000000222e-01 , 4.000000000000000222e-01 , 4.000000000000000222e-01 , 4.000000000000000222e-01 , 4.000000000000000222e-01 , 4.000000000000000222e-01 , 4.000000000000000222e-01 , 4.000000000000000222e-01 , 4.000000000000000222e-01 , 4.000000000000000222e-01 , 4.000000000000000222e-01 , 4.000000000000000222e-01 , 4.000000000000000222e-01 , 4.000000000000000222e-01 , 4.000000000000000222e-01 , 4.000000000000000222e-01 , 4.000000000000000222e-01 , 4.000000000000000222e-01 , 4.000000000000000222e-01 , 4.000000000000000222e-01 , 4.000000000000000222e-01 , 4.000000000000000222e-01 , 4.000000000000000222e-01 , 4.000000000000000222e-01 , 4.000000000000000222e-01 , 4.000000000000000222e-01 , 4.000000000000000222e-01 , 4.000000000000000222e-01 , 4.000000000000000222e-01 , 4.000000000000000222e-01
4.000000000000000222e-01 , 4.000000000000000222e-01 , 4.000000000000000222e-01 , 4.000000000000000222e-01 , 4.000000000000000222e-01 , 4.000000000000000222e-01 , 4.000000000000000222e-01 , 4.000000000000000222e-01 , 4.000000000000000222e-01 , 4.000000000000000222e-01 , 4.000000000000000222e-01 , 4.000000000000000222e-01 , 4.000000000000000222e-01 , 4.000000000000000222e-01 , 4.000000000000000222e-01 , 4.000000000000000222e-01 , 4.000000000000000222e-01 , 4.000000000000000222e-01 , 4.000000000000000222e-01 , 4.000000000000000222e-01 , 4.000000000000000222e-01 , 4.000000000000000222e-01 , 4.000000000000000222e-01 , 4.000000000000000222e-01 , 4.000000000000000222e-01 , 4.000000000000000222e-01 , 4.000000000000000222e-01 , 4.000000000000000222e-01 , 4.000000000000000222e-01 , 4.000000000000000222e-01 , 4.000000000000000222e-01 , 4.000000000000000222e-01 , 4.000000000000000222e-01 , 4.000000000000000222e-01 , 4.000000000000000222e-01 , 4.000000000000000222e-01 , 4.000000000000000222e-01 , 4.000000000000000222e-01 , 4.000000000000000222e-01 , 4.000000000000000222e-01
4.000000000000000222e-01 , 4.000000000000000222e-01 , 4.000000000000000222e-01 , 4.000000000000000222e-01 , 4.000000000000000222e-01 , 4.000000000000000222e-01 , 4.000000000000000222e-01 , 4.000000000000000222e-01 , 4.000000000000000222e-01 , 4.000000000000000222e-01 , 4.000000000000000222e-01 , 4.000000000000000222e-01 , 4.000000000000000222e-01 , 4.000000000000000222e-01 , 4.000000000000000222e-01 , 4.000000000000000222e-01 , 4.000000000000000222e-01 , 4.000000000000000222e-01 , 4.000000000000000222e-01 , 4.000000000000000222e-01 , 4.000000000000000222e-01 , 4.000000000000000222e-01 , 4.000000000000000222e-01 , 4.000000000000000222e-01 , 4.000000000000000222e-01 , 4.000000000000000222e-01 , 4.000000000000000222e-01 , 4.000000000000000222e-01 , 4.000000000000000222e-01 , 4.000000000000000222e-01 , 4.000000000000000222e-01 , 4.000000000000000222e-01 , 4.000000000000000222e-01 , 4.000000000000000222e-01 , 4.000000000000000222e-01 , 4.000000000000000222e-01 , 4.000000000000000222e-01 , 4.000000000000000222e-01 , 4.000000000000000222e-01 , 4.000000000000000222e-01
4.000000000000000222e-01 , 4.000000000000000222e-01 , 4.000000000000000222e-01 , 4.000000000000000222e-01 , 4.000000000000000222e-01 , 4.000000000000000222e-01 , 4.000000000000000222e-01 , 4.000000000000000222e-01 , 4.000000000000000222e-01 , 4.000000000000000222e-01 , 4.000000000000000222e-01 , 4.000000000000000222e-01 , 4.000000000000000222e-01 , 4.000000000000000222e-01 , 4.000000000000000222e-01 , 4.000000000000000222e-01 , 4.000000000000000222e-01 , 4.000000000000000222e-01 , 4.000000000000000222e-01 , 4.000000000000000222e-01 , 4.000000000000000222e-01 , 4.000000000000000222e-01 , 4.000000000000000222e-01 , 4.000000000000000222e-01 , 4.000000000000000222e-01 , 4.000000000000000222e-01 , 4.000000000000000222e-01 , 4.000000000000000222e-01 , 4.000000000000000222e-01 , 4.000000000000000222e-01 , 4.000000000000000222e-01 , 4.000000000000000222e-01 , 4.000000000000000222e-01 , 4.000000000000000222e-01 , 4.000000000000000222e-01 , 4.000000000000000222e-01 , 4.000000000000000222e-01 , 4.000000000000000222e-01 , 4.000000000000000222e-01 , 4.000000000000000222e-01
4.000000000000000222e-01 , 4.000000000000000222e-01 , 4.000000000000000222e-01 , 4.000000000000000222e-01 , 4.000000000000000222e-01 , 4.000000000000000222e-01 , 4.000000000000000222e-01 , 4.000000000000000222e-01 , 4.000000000000000222e-01 , 4.000000000000000222e-01 , 4.000000000000000222e-01 , 4.000000000000000222e-01 , 4.000000000000000222e-01 , 4.000000000000000222e-01 , 4.000000000000000222e-01 , 4.000000000000000222e-01 , 4.000000000000000222e-01 , 4.000000000000000222e-01 , 4.000000000000000222e-01 , 4.000000000000000222e-01 , 4.000000000000000222e-01 , 4.000000000000000222e-01 , 4.000000000000000222e-01 , 4.000000000000000222e-01 , 4.000000000000000222e-01 , 4.000000000000000222e-01 , 4.000000000000000222e-01 , 4.000000000000000222e-01 , 4.000000000000000222e-01 , 4.000000000000000222e-01 , 4.000000000000000222e-01 , 4.000000000000000222e-01 , 4.000000000000000222e-01 , 4.000000000000000222e-01 , 4.000000000000000222e-01 , 4.000000000000000222e-01 , 4.000000000000000222e-01 , 4.000000000000000222e-01 , 4.000000000000000222e-01 , 4.000000000000000222e-01
4.000000000000000222e-01 , 4.000000000000000222e-01 , 4.000000000000000222e-01 , 4.000000000000000222e-01 , 4.000000000000000222e-01 , 4.000000000000000222e-01 , 4.000000000000000222e-01 , 4.000000000000000222e-01 , 4.000000000000000222e-01 , 4.000000000000000222e-01 , 4.000000000000000222e-01 , 4.000000000000000222e-01 , 4.000000000000000222e-01 , 4.000000000000000222e-01 , 4.000000000000000222e-01 , 4.000000000000000222e-01 , 4.000000000000000222e-01 , 4.000000000000000222e-01 , 4.000000000000000222e-01 , 4.000000000000000222e-01 , 4.000000000000000222e-01 , 4.000000000000000222e-01 , 4.000000000000000222e-01 , 4.000000000000000222e-01 , 4.000000000000000222e-01 , 4.000000000000000222e-01 , 4.000000000000000222e-01 , 4.000000000000000222e-01 , 4.000000000000000222e-01 , 4.000000000000000222e-01 , 4.000000000000000222e-01 , 4.000000000000000222e-01 , 4.000000000000000222e-01 , 4.000000000000000222e-01 , 4.000000000000000222e-01 , 4.000000000000000222e-01 , 4.000000000000000222e-01 , 4.000000000000000222e-01 , 4.000000000000000222e-01 , 4.000000000000000222e-01
4.000000000000000222e-01 , 4.000000000000000222e-01 , 4.000000000000000222e-01 , 4.000000000000000222e-01 , 4.000000000000000222e-01 , 4.000000000000000222e-01 , 4.000000000000000222e-01 , 4.000000000000000222e-01 , 4.000000000000000222e-01 , 4.000000000000000222e-01 , 4.000000000000000222e-01 , 4.000000000000000222e-01 , 4.000000000000000222e-01 , 4.000000000000000222e-01 , 4.000000000000000222e-01 , 4.000000000000000222e-01 , 4.000000000000000222e-01 , 4.000000000000000222e-01 , 4.000000000000000222e-01 , 4.000000000000000222e-01 , 4.000000000000000222e-01 , 4.000000000000000222e-01 , 4.000000000000000222e-01 , 4.000000000000000222e-01 , 4.000000000000000222e-01 , 4.000000000000000222e-01 , 4.000000000000000222e-01 , 4.000000000000000222e-01 , 4.000000000000000222e-01 , 4.000000000000000222e-01 , 4.000000000000000222e-01 , 4.000000000000000222e-01 , 4.000000000000000222e-01 , 4.000000000000000222e-01 , 4.000000000000000222e-01 , 4.000000000000000222e-01 , 4.000000000000000222e-01 , 4.000000000000000222e-01 , 4.000000000000000222e-01 , 4.000000000000000222e-01
4.000000000000000222e-01 , 4.000000000000000222e-01 , 4.000000000000000222e-01 , 4.000000000000000222e-01 , 4.000000000000000222e-01 , 4.000000000000000222e-01 , 4.000000000000000222e-01 , 4.000000000000000222e-01 , 4.000000000000000222e-01 , 4.000000000000000222e-01 , 4.000000000000000222e-01 , 4.000000000000000222e-01 , 4.000000000000000222e-01 , 4.000000000000000222e-01 , 4.000000000000000222e-01 , 4.000000000000000222e-01 , 4.000000000000000222e-01 , 4.000000000000000222e-01 , 4.000000000000000222e-01 , 4.000000000000000222e-01 , 4.000000000000000222e-01 , 4.000000000000000222e-01 , 4.000000000000000222e-01 , 4.000000000000000222e-01 , 4.000000000000000222e-01 , 4.000000000000000222e-01 , 4.000000000000000222e-01 , 4.000000000000000222e-01 , 4.000000000000000222e-01 , 4.000000000000000222e-01 , 4.000000000000000222e-01 , 4.000000000000000222e-01 , 4.000000000000000222e-01 , 4.000000000000000222e-01 , 4.000000000000000222e-01 , 4.000000000000000222e-01 , 4.000000000000000222e-01 , 4.000000000000000222e-01 , 4.000000000000000222e-01 , 4.000000000000000222e-01
